{
	"credit": "Made with Blockbench",
	"textures": {
		"layer0": "hats/pillar",
		"layer1": "hats/dark_oak_planks",
		"layer2": "hats/top"
	},
	"elements": [
		{
			"from": [14.35, 3.75, -1.1],
			"to": [15.1, 6.1, 14.075],
			"faces": {
				"north": {"uv": [0.9, 6.9, 1.65, 9.25], "texture": "layer1"},
				"east": {"uv": [1.65, 6.9, 16, 9.25], "texture": "layer1"},
				"south": {"uv": [14.35, 6.9, 15.1, 9.25], "texture": "layer1"},
				"west": {"uv": [0, 6.9, 14.35, 9.25], "texture": "layer1"},
				"up": {"uv": [14.35, 0, 15.1, 14.35], "texture": "layer1"},
				"down": {"uv": [14.35, 1.65, 15.1, 16], "texture": "layer1"}
			}
		},
		{
			"from": [1.725, 3.75, 13.875],
			"to": [14.35, 6.1, 14.625],
			"faces": {
				"north": {"uv": [1.65, 6.9, 14.275, 9.25], "texture": "layer1"},
				"east": {"uv": [1.15, 6.9, 1.9, 9.25], "texture": "layer1"},
				"south": {"uv": [1.725, 6.9, 14.35, 9.25], "texture": "layer1"},
				"west": {"uv": [14.1, 6.9, 14.85, 9.25], "texture": "layer1"},
				"up": {"uv": [1.725, 14.1, 14.35, 14.85], "texture": "layer1"},
				"down": {"uv": [1.725, 1.15, 14.35, 1.9], "texture": "layer1"}
			}
		},
		{
			"from": [1.05, 3.75, -1.1],
			"to": [1.8, 6.1, 14.075],
			"faces": {
				"north": {"uv": [14.2, 6.9, 14.95, 9.25], "texture": "layer1"},
				"east": {"uv": [1.65, 6.9, 16, 9.25], "texture": "layer1"},
				"south": {"uv": [1.05, 6.9, 1.8, 9.25], "texture": "layer1"},
				"west": {"uv": [0, 6.9, 14.35, 9.25], "texture": "layer1"},
				"up": {"uv": [1.05, 0, 1.8, 14.35], "texture": "layer1"},
				"down": {"uv": [1.05, 1.65, 1.8, 16], "texture": "layer1"}
			}
		},
		{
			"from": [2.7, 1.45, -1.4],
			"to": [13.45, 8.15, -0.9],
			"faces": {
				"north": {"uv": [2.55, 7.85, 13.3, 14.55], "texture": "layer2"},
				"east": {"uv": [16, 7.85, 16, 14.55], "texture": "layer2"},
				"south": {"uv": [2.7, 7.85, 13.45, 14.55], "texture": "layer2"},
				"west": {"uv": [0, 7.85, 0, 14.55], "texture": "layer2"},
				"up": {"uv": [2.7, 0, 13.45, 0], "texture": "layer2"},
				"down": {"uv": [2.7, 16, 13.45, 16], "texture": "layer2"}
			}
		},
		{
			"from": [6.15, 3.65, -3.525],
			"to": [10.2, 7.075, -0.5],
			"faces": {
				"north": {"uv": [5.8, 8.925, 9.85, 12.35], "texture": "layer1"},
				"east": {"uv": [16, 8.925, 16, 12.35], "texture": "layer1"},
				"south": {"uv": [6.15, 8.925, 10.2, 12.35], "texture": "layer1"},
				"west": {"uv": [0, 8.925, 0, 12.35], "texture": "layer1"},
				"up": {"uv": [6.15, 0, 10.2, 0], "texture": "layer1"},
				"down": {"uv": [6.15, 16, 10.2, 16], "texture": "layer1"}
			}
		},
		{
			"from": [4.4, 3.2, -3.05],
			"to": [11.45, 6.95, -1.8],
			"faces": {
				"north": {"uv": [4.55, 9.05, 11.6, 12.8], "texture": "layer2"},
				"east": {"uv": [16, 9.05, 16, 12.8], "texture": "layer2"},
				"south": {"uv": [4.4, 9.05, 11.45, 12.8], "texture": "layer2"},
				"west": {"uv": [0, 9.05, 0, 12.8], "texture": "layer2"},
				"up": {"uv": [4.4, 0, 11.45, 0], "texture": "layer2"},
				"down": {"uv": [4.4, 16, 11.45, 16], "texture": "layer2"}
			}
		},
		{
			"from": [2.7, 2.9, -1.9],
			"to": [13.65, 7.45, -1.4],
			"faces": {
				"north": {"uv": [2.35, 8.55, 13.3, 13.1], "texture": "layer2"},
				"east": {"uv": [16, 8.55, 16, 13.1], "texture": "layer2"},
				"south": {"uv": [2.7, 8.55, 13.65, 13.1], "texture": "layer2"},
				"west": {"uv": [0, 8.55, 0, 13.1], "texture": "layer2"},
				"up": {"uv": [2.7, 0, 13.65, 0], "texture": "layer2"},
				"down": {"uv": [2.7, 16, 13.65, 16], "texture": "layer2"}
			}
		},
		{
			"from": [13.45, 2.7, -1.4],
			"to": [14.95, 6.65, -0.9],
			"faces": {
				"north": {"uv": [1.05, 8.1, 2.55, 13.3], "texture": "layer2"},
				"east": {"uv": [16, 8.1, 16, 13.3], "texture": "layer2"},
				"south": {"uv": [13.45, 8.1, 14.95, 13.3], "texture": "layer2"},
				"west": {"uv": [0, 8.1, 0, 13.3], "texture": "layer2"},
				"up": {"uv": [13.45, 0, 14.95, 0], "texture": "layer2"},
				"down": {"uv": [13.45, 16, 14.95, 16], "texture": "layer2"}
			}
		},
		{
			"from": [1, 2.7, -1.4],
			"to": [2.75, 6.65, -0.9],
			"faces": {
				"north": {"uv": [13.25, 8.1, 15.25, 13.3], "texture": "layer2"},
				"east": {"uv": [16, 8.1, 16, 13.3], "texture": "layer2"},
				"south": {"uv": [0.75, 8.1, 2.75, 13.3], "texture": "layer2"},
				"west": {"uv": [0, 8.1, 0, 13.3], "texture": "layer2"},
				"up": {"uv": [0.75, 0, 2.75, 0], "texture": "layer2"},
				"down": {"uv": [0.75, 16, 2.75, 16], "texture": "layer2"}
			}
		},
		{
			"from": [9.8412, 1.28168, -6.29574],
			"to": [13.3412, 5.28168, -5.29574],
			"rotation": {"angle": 22.5, "axis": "y", "origin": [4.1412, 3.28168, -5.99574]},
			"faces": {
				"north": {"uv": [2.6588, 8.31832, 6.1588, 12.31832], "texture": "layer2"},
				"east": {"uv": [16, 8.31832, 16, 12.31832], "texture": "layer2"},
				"south": {"uv": [9.8412, 8.31832, 13.3412, 12.31832], "texture": "layer2"},
				"west": {"uv": [0, 8.31832, 0, 12.31832], "texture": "layer2"},
				"up": {"uv": [9.8412, 0, 13.3412, 0], "rotation": 90, "texture": "layer2"},
				"down": {"uv": [9.8412, 16, 13.3412, 16], "rotation": 270, "texture": "layer2"}
			}
		},
		{
			"from": [9.8412, 5.28168, -5.29574],
			"to": [13.3412, 6.28168, -1.29574],
			"rotation": {"angle": 22.5, "axis": "y", "origin": [4.1412, 3.28168, -5.99574]},
			"faces": {
				"north": {"uv": [2.6588, 7.31832, 6.1588, 8.31832], "texture": "layer2"},
				"east": {"uv": [16, 7.31832, 16, 8.31832], "texture": "layer2"},
				"south": {"uv": [9.8412, 7.31832, 13.3412, 8.31832], "texture": "layer2"},
				"west": {"uv": [0, 7.31832, 0, 8.31832], "texture": "layer2"},
				"up": {"uv": [9.8412, 0, 13.3412, 0], "rotation": 90, "texture": "layer2"},
				"down": {"uv": [9.8412, 16, 13.3412, 16], "rotation": 270, "texture": "layer2"}
			}
		},
		{
			"from": [9.8412, 0.28168, -5.29574],
			"to": [13.3412, 1.28168, -1.29574],
			"rotation": {"angle": 22.5, "axis": "y", "origin": [4.1412, 3.28168, -5.99574]},
			"faces": {
				"north": {"uv": [2.6588, 12.31832, 6.1588, 13.31832], "texture": "layer2"},
				"east": {"uv": [16, 12.31832, 16, 13.31832], "texture": "layer2"},
				"south": {"uv": [9.8412, 12.31832, 13.3412, 13.31832], "texture": "layer2"},
				"west": {"uv": [0, 12.31832, 0, 13.31832], "texture": "layer2"},
				"up": {"uv": [9.8412, 0, 13.3412, 0], "rotation": 90, "texture": "layer2"},
				"down": {"uv": [9.8412, 16, 13.3412, 16], "rotation": 270, "texture": "layer2"}
			}
		},
		{
			"from": [9.8412, 1.28168, -5.29574],
			"to": [12.8412, 5.28168, -1.29574],
			"rotation": {"angle": 22.5, "axis": "y", "origin": [4.1412, 3.28168, -5.99574]},
			"faces": {
				"north": {"uv": [0, 5.35, 0, 9.35], "texture": "layer2"},
				"east": {"uv": [5.052, 6, 11.052, 10], "texture": "layer0"},
				"south": {"uv": [16, 5.35, 16, 9.35], "texture": "layer2"},
				"west": {"uv": [5.15, 5.35, 11.15, 9.35], "texture": "layer2"},
				"up": {"uv": [5.15, 0, 11.15, 0], "rotation": 90, "texture": "layer2"},
				"down": {"uv": [5.15, 16, 11.15, 16], "rotation": 270, "texture": "layer2"}
			}
		},
		{
			"from": [9.8412, 1.28168, -1.29574],
			"to": [13.3412, 5.28168, -0.29574],
			"rotation": {"angle": 22.5, "axis": "y", "origin": [4.1412, 3.28168, -5.99574]},
			"faces": {
				"north": {"uv": [2.6588, 8.31832, 6.1588, 12.31832], "texture": "layer2"},
				"east": {"uv": [16, 8.31832, 16, 12.31832], "texture": "layer2"},
				"south": {"uv": [9.8412, 8.31832, 13.3412, 12.31832], "texture": "layer2"},
				"west": {"uv": [0, 8.31832, 0, 12.31832], "texture": "layer2"},
				"up": {"uv": [9.8412, 0, 13.3412, 0], "rotation": 90, "texture": "layer2"},
				"down": {"uv": [9.8412, 16, 13.3412, 16], "rotation": 270, "texture": "layer2"}
			}
		},
		{
			"from": [3.32447, 1.28339, -4.9828],
			"to": [6.82447, 5.28339, -3.9828],
			"rotation": {"angle": -22.5, "axis": "y", "origin": [2.12447, 6.28339, -8.9828]},
			"faces": {
				"north": {"uv": [9.17553, 8.31661, 12.67553, 12.31661], "texture": "layer2"},
				"east": {"uv": [16, 8.31661, 16, 12.31661], "texture": "layer2"},
				"south": {"uv": [3.32447, 8.31661, 6.82447, 12.31661], "texture": "layer2"},
				"west": {"uv": [0, 8.31661, 0, 12.31661], "texture": "layer2"},
				"up": {"uv": [3.32447, 0, 6.82447, 0], "rotation": 270, "texture": "layer2"},
				"down": {"uv": [3.32447, 16, 6.82447, 16], "rotation": 90, "texture": "layer2"}
			}
		},
		{
			"from": [3.32447, 5.28339, -8.9828],
			"to": [6.82447, 6.28339, -4.9828],
			"rotation": {"angle": -22.5, "axis": "y", "origin": [2.12447, 6.28339, -8.9828]},
			"faces": {
				"north": {"uv": [9.17553, 7.31661, 12.67553, 8.31661], "texture": "layer2"},
				"east": {"uv": [16, 7.31661, 16, 8.31661], "texture": "layer2"},
				"south": {"uv": [3.32447, 7.31661, 6.82447, 8.31661], "texture": "layer2"},
				"west": {"uv": [0, 7.31661, 0, 8.31661], "texture": "layer2"},
				"up": {"uv": [3.32447, 0, 6.82447, 0], "rotation": 270, "texture": "layer2"},
				"down": {"uv": [3.32447, 16, 6.82447, 16], "rotation": 90, "texture": "layer2"}
			}
		},
		{
			"from": [3.32447, 0.28339, -8.9828],
			"to": [6.82447, 1.28339, -4.9828],
			"rotation": {"angle": -22.5, "axis": "y", "origin": [2.12447, 6.28339, -8.9828]},
			"faces": {
				"north": {"uv": [9.17553, 12.31661, 12.67553, 13.31661], "texture": "layer2"},
				"east": {"uv": [16, 12.31661, 16, 13.31661], "texture": "layer2"},
				"south": {"uv": [3.32447, 12.31661, 6.82447, 13.31661], "texture": "layer2"},
				"west": {"uv": [0, 12.31661, 0, 13.31661], "texture": "layer2"},
				"up": {"uv": [3.32447, 0, 6.82447, 0], "rotation": 270, "texture": "layer2"},
				"down": {"uv": [3.32447, 16, 6.82447, 16], "rotation": 90, "texture": "layer2"}
			}
		},
		{
			"from": [3.82447, 1.28339, -8.9828],
			"to": [6.82447, 5.28339, -4.9828],
			"rotation": {"angle": -22.5, "axis": "y", "origin": [2.12447, 6.28339, -8.9828]},
			"faces": {
				"north": {"uv": [16, 5.35, 16, 9.35], "texture": "layer2"},
				"east": {"uv": [5.15, 5.35, 11.15, 9.35], "texture": "layer2"},
				"south": {"uv": [0, 5.35, 0, 9.35], "texture": "layer2"},
				"west": {"uv": [5.052, 6, 11.052, 10], "texture": "layer0"},
				"up": {"uv": [5.15, 0, 11.15, 0], "rotation": 270, "texture": "layer2"},
				"down": {"uv": [5.15, 16, 11.15, 16], "rotation": 90, "texture": "layer2"}
			}
		},
		{
			"from": [3.32447, 1.28339, -9.9828],
			"to": [6.82447, 5.28339, -8.9828],
			"rotation": {"angle": -22.5, "axis": "y", "origin": [2.12447, 6.28339, -8.9828]},
			"faces": {
				"north": {"uv": [9.17553, 8.31661, 12.67553, 12.31661], "texture": "layer2"},
				"east": {"uv": [16, 8.31661, 16, 12.31661], "texture": "layer2"},
				"south": {"uv": [3.32447, 8.31661, 6.82447, 12.31661], "texture": "layer2"},
				"west": {"uv": [0, 8.31661, 0, 12.31661], "texture": "layer2"},
				"up": {"uv": [3.32447, 0, 6.82447, 0], "rotation": 270, "texture": "layer2"},
				"down": {"uv": [3.32447, 16, 6.82447, 16], "rotation": 90, "texture": "layer2"}
			}
		},
		{
			"from": [4.45, 1.65, -6.725],
			"to": [11.1, 4.4, -4.7],
			"faces": {
				"north": {"uv": [4.9, 11.6, 11.55, 14.35], "texture": "layer1"},
				"east": {"uv": [16, 11.6, 16, 14.35], "texture": "layer1"},
				"south": {"uv": [4.45, 11.6, 11.1, 14.35], "texture": "layer1"},
				"west": {"uv": [0, 11.6, 0, 14.35], "texture": "layer1"},
				"up": {"uv": [4.45, 0, 11.1, 0], "texture": "layer1"},
				"down": {"uv": [4.45, 16, 11.1, 16], "texture": "layer1"}
			}
		},
		{
			"from": [6.15, 3.65, -4.875],
			"to": [10.2, 5.825, -3.25],
			"faces": {
				"north": {"uv": [5.8, 10.175, 9.85, 12.35], "texture": "layer1"},
				"east": {"uv": [16, 10.175, 16, 12.35], "texture": "layer1"},
				"south": {"uv": [6.15, 10.175, 10.2, 12.35], "texture": "layer1"},
				"west": {"uv": [0, 10.175, 0, 12.35], "texture": "layer1"},
				"up": {"uv": [6.15, 0, 10.2, 0], "texture": "layer1"},
				"down": {"uv": [6.15, 16, 10.2, 16], "texture": "layer1"}
			}
		}
	],
	"display": {
		"thirdperson_righthand": {
			"rotation": [-10, 128, 15],
			"translation": [0, 1, -1.5],
			"scale": [0.31, 0.3, 0.32]
		},
		"thirdperson_lefthand": {
			"rotation": [-10, 128, 15],
			"translation": [-1, 1, -1.5],
			"scale": [0.31, 0.3, 0.32]
		},
		"firstperson_righthand": {
			"rotation": [-10, 128, 15],
			"translation": [3.5, 1.5, -3.5],
			"scale": [0.47, 0.46, 0.45]
		},
		"firstperson_lefthand": {
			"rotation": [-10, 128, 15],
			"translation": [3.5, 1.5, -3.5],
			"scale": [0.47, 0.46, 0.45]
		},
		"ground": {
			"scale": [0.47, 0.46, 0.45]
		},
		"gui": {
			"rotation": [45, 133, 0],
			"scale": [0.61, 0.62, 0.61]
		},
		"head": {
			"translation": [0, -1, 1.5],
			"scale": [1, 1, 0.91]
		}
	},
	"groups": [
		{
			"name": "group",
			"children": [0, 1, 2]
		},
		{
			"name": "group",
			"children": [3, 4, 5, 6, 7, 8,
				{
					"name": "group",
					"children": []
				},
				{
					"name": "group",
					"children": [9, 10, 11, 12, 13]
				},
				{
					"name": "group2",
					"children": [14, 15, 16, 17, 18]
				}, 19, 20]
		}
	]
}
