{
	"credit": "Made with Blockbench",
	"texture_size": [5, 5],
	"textures": {
		"1": "item/custom/stick_4_3",
		"particle": "item/custom/stick_4_3"
	},
	"elements": [
		{
			"from": [-10, 9.5, 7.5],
			"to": [32, 10, 10.5],
			"rotation": {"angle": 45, "axis": "z", "origin": [9, 16, 7.5]},
			"faces": {
				"north": {"uv": [0, 0, 16, 16], "rotation": 90, "texture": "#1"},
				"east": {"uv": [0, 0, 16, 16], "rotation": 180, "texture": "#1"},
				"south": {"uv": [0, 0, 16, 16], "rotation": 270, "texture": "#1"},
				"west": {"uv": [0, 0, 16, 16], "texture": "#1"},
				"up": {"uv": [0, 0, 16, 16], "rotation": 270, "texture": "#1"},
				"down": {"uv": [0, 0, 16, 16], "rotation": 270, "texture": "#1"}
			}
		}
	],
	"display": {
		"thirdperson_righthand": {
			"rotation": [0, 90, 45],
			"translation": [0, 48, 5.75],
			"scale": [4, 4, 0.75]
		},
		"thirdperson_lefthand": {
			"rotation": [0, 90, -45],
			"translation": [0, 34.75, -1.5],
			"scale": [4, 4, 0.75]
		}
	}
}