{
	"parent": "minecraft:item/generated",
	"textures": {
		"layer0": "minecraft:item/leather_horse_armor"
	},
	"overrides": [
		{ "predicate": { "custom_model_data": 1001 }, "model": "item/hand/stick_1"},
		{ "predicate": { "custom_model_data": 1002 }, "model": "item/hand/stick_2"},
		{ "predicate": { "custom_model_data": 1003 }, "model": "item/hand/stick_3"},
		{ "predicate": { "custom_model_data": 1004 }, "model": "item/hand/stick_1_1"},
		{ "predicate": { "custom_model_data": 1005 }, "model": "item/hand/stick_2_1"},
		{ "predicate": { "custom_model_data": 1006 }, "model": "item/hand/stick_3_1"},
		{ "predicate": { "custom_model_data": 1007 }, "model": "item/hand/stick_4_1"},
		{ "predicate": { "custom_model_data": 1008 }, "model": "item/hand/stick_4_2"}
		
		
	]
}