{
    "providers": [
        {"type": "bitmap", "file": "minecraft:guis/pixel.png","ascent": -2000,"height": -3,"chars": ["七"]},
        	{"type": "bitmap", "file": "minecraft:guis/pixel.png","ascent": -2000,"height": 10,"chars": ["ĉ"]},
		{"type": "bitmap", "file": "minecraft:guis/customgui/menu.png","ascent": 22,"height": 136,"chars": ["ǋ"]},
		{"type": "bitmap", "file": "minecraft:guis/customgui/menu2.png","ascent": 22,"height": 136,"chars": ["⨉"]},
		{"type": "bitmap", "file": "minecraft:guis/customgui/jobs.png","ascent": 24,"height": 138,"chars": ["Ď"]},
		{"type": "bitmap", "file": "minecraft:font/tab.png","ascent": 10,"height": 35,"chars": ["ǯ"]},
		{"type": "bitmap", "file": "minecraft:font/coin.png","ascent": 8,"height": 10,"chars": ["ʥ"]},
		{"type": "bitmap", "file": "minecraft:font/tour1.png","ascent": 10,"height": 80,"chars": ["Ā"]},
		{"type": "bitmap", "file": "minecraft:guis/customgui/menu3.png","ascent": 22,"height": 136,"chars": ["℞"]},
		{"type": "bitmap", "file": "minecraft:guis/customgui/menu4.png","ascent": 22,"height": 136,"chars": ["℟"]},
		{"type": "bitmap", "file": "minecraft:guis/customgui/menu5.png","ascent": 22,"height": 116,"chars": ["℘"]},
		{"type": "bitmap", "file": "minecraft:misc/hunger_half.png", "ascent": 8, "height": 16, "chars": [""]},
		{"type": "bitmap", "file": "minecraft:misc/hunger_full.png", "ascent": 8, "height": 16, "chars": [""]}
		]
}