{
	"credit": "Made with Blockbench",
	"parent": "generated",
	"textures": {
		"0": "item/custom/rtx4090",
		"1": "item/custom/rtx490vent",
		"particle": "item/custom/rtx4090"
	},
	"elements": [
		{
			"from": [-8, 1, 7],
			"to": [-7, 11, 10],
			"rotation": {"angle": 0, "axis": "y", "origin": [-4, 1, 0]},
			"faces": {
				"north": {"uv": [1.25, 0.25, 6.5, 2.75], "texture": "#0"},
				"east": {"uv": [1.25, 0.25, 6.5, 2.75], "texture": "#0"},
				"south": {"uv": [1.25, 0.25, 6.5, 2.75], "texture": "#0"},
				"west": {"uv": [1.25, 0.25, 6.5, 2.75], "texture": "#0"},
				"up": {"uv": [1.25, 0.25, 6.5, 2.75], "texture": "#0"},
				"down": {"uv": [1.25, 0.25, 6.5, 2.75], "texture": "#0"}
			}
		},
		{
			"from": [23, 1, 7],
			"to": [24, 11, 10],
			"rotation": {"angle": 0, "axis": "y", "origin": [19, 1, 0]},
			"faces": {
				"north": {"uv": [1.25, 0.25, 6.5, 2.75], "texture": "#0"},
				"east": {"uv": [1.25, 0.25, 6.5, 2.75], "texture": "#0"},
				"south": {"uv": [1.25, 0.25, 6.5, 2.75], "texture": "#0"},
				"west": {"uv": [1.25, 0.25, 6.5, 2.75], "texture": "#0"},
				"up": {"uv": [1.25, 0.25, 6.5, 2.75], "texture": "#0"},
				"down": {"uv": [1.25, 0.25, 6.5, 2.75], "texture": "#0"}
			}
		},
		{
			"from": [-6, 12, 7],
			"to": [22, 13, 10],
			"rotation": {"angle": 0, "axis": "y", "origin": [0, 5, 0]},
			"faces": {
				"north": {"uv": [1.25, 0.25, 6.5, 2.75], "texture": "#0"},
				"east": {"uv": [1.25, 0.25, 6.5, 2.75], "texture": "#0"},
				"south": {"uv": [1.25, 0.25, 6.5, 2.75], "texture": "#0"},
				"west": {"uv": [1.25, 0.25, 6.5, 2.75], "texture": "#0"},
				"up": {"uv": [1.25, 0.25, 6.5, 2.75], "texture": "#0"},
				"down": {"uv": [1.25, 0.25, 6.5, 2.75], "texture": "#0"}
			}
		},
		{
			"from": [-6, -1, 7],
			"to": [22, 0, 10],
			"rotation": {"angle": 0, "axis": "y", "origin": [0, -8, 0]},
			"faces": {
				"north": {"uv": [1.25, 0.25, 6.5, 2.75], "texture": "#0"},
				"east": {"uv": [1.25, 0.25, 6.5, 2.75], "texture": "#0"},
				"south": {"uv": [1.25, 0.25, 6.5, 2.75], "texture": "#0"},
				"west": {"uv": [1.25, 0.25, 6.5, 2.75], "texture": "#0"},
				"up": {"uv": [1.25, 0.25, 6.5, 2.75], "texture": "#0"},
				"down": {"uv": [1.25, 0.25, 6.5, 2.75], "texture": "#0"}
			}
		},
		{
			"from": [-7, 0, 7],
			"to": [23, 12, 10],
			"rotation": {"angle": 0, "axis": "y", "origin": [0, 2, 0]},
			"faces": {
				"north": {"uv": [0, 0, 7.5, 3], "texture": "#0"},
				"east": {"uv": [0, 7.5, 0.75, 10.5], "texture": "#0"},
				"south": {"uv": [0, 3, 7.5, 6], "texture": "#0"},
				"west": {"uv": [7.5, 0, 8.25, 3], "texture": "#0"},
				"up": {"uv": [7.5, 6.75, 0, 6], "texture": "#0"},
				"down": {"uv": [7.5, 6.75, 0, 7.5], "texture": "#0"}
			}
		},
		{
			"from": [8.27513, 6.75, 6.75],
			"to": [15.02513, 13.5, 10.25],
			"rotation": {"angle": 45, "axis": "z", "origin": [7.52513, 6, 8.5]},
			"faces": {
				"north": {"uv": [13, 8, 16, 11], "rotation": 90, "texture": "#0"},
				"south": {"uv": [13, 11, 16, 8], "rotation": 90, "texture": "#0"},
				"west": {"uv": [11.25, 8, 8.25, 7], "rotation": 270, "texture": "#0"},
				"down": {"uv": [11.5, 7, 14.5, 8], "rotation": 270, "texture": "#0"}
			}
		},
		{
			"from": [8.27513, -4.75, 6.75],
			"to": [15.02513, 2, 10.25],
			"rotation": {"angle": 45, "axis": "z", "origin": [7.52513, -5.5, 8.5]},
			"faces": {
				"north": {"uv": [16, 3, 13, 0], "rotation": 90, "texture": "#0"},
				"east": {"uv": [14.3125, 3.1875, 15.75, 4.375], "texture": "#0"},
				"south": {"uv": [13, 6, 16, 3], "rotation": 270, "texture": "#0"},
				"up": {"uv": [14.3125, 3.1875, 15.75, 4.375], "texture": "#0"}
			}
		},
		{
			"from": [2.75, 11.75, 6.7375],
			"to": [12.25, 12, 10.2625],
			"rotation": {"angle": 0, "axis": "y", "origin": [5, 11.75, 7]},
			"faces": {
				"north": {"uv": [10, 8, 13, 8.0625], "texture": "#0"},
				"east": {"uv": [10, 8, 10.0625, 8.0625], "texture": "#0"},
				"south": {"uv": [13, 8, 10, 8.0625], "texture": "#0"},
				"west": {"uv": [12.9375, 8, 13, 8.0625], "texture": "#0"},
				"up": {"uv": [10, 8, 13, 8.0625], "texture": "#0"},
				"down": {"uv": [10, 8, 13, 8.0625], "texture": "#0"}
			}
		},
		{
			"from": [2.85, 0.25, 6.7375],
			"to": [12.2, 0.5, 10.2625],
			"rotation": {"angle": 0, "axis": "y", "origin": [5, 0.25, 7]},
			"faces": {
				"north": {"uv": [10, 8.0625, 13, 8.125], "texture": "#0"},
				"east": {"uv": [10, 8.0625, 10.0625, 8.125], "texture": "#0"},
				"south": {"uv": [13, 8.0625, 10, 8.125], "texture": "#0"},
				"west": {"uv": [10, 8.0625, 13, 8.125], "texture": "#0"},
				"up": {"uv": [13, 8.0625, 10, 8.125], "texture": "#0"},
				"down": {"uv": [10, 8.0625, 13, 8.125], "texture": "#0"}
			}
		},
		{
			"from": [14.5, 0, 6.75],
			"to": [23, 12, 10.25],
			"rotation": {"angle": 0, "axis": "y", "origin": [0, 2, 0]},
			"faces": {
				"north": {"uv": [8.25, 0, 12, 3], "texture": "#0"},
				"east": {"uv": [12, 0, 13, 3], "texture": "#0"},
				"south": {"uv": [12, 3, 8.25, 6], "texture": "#0"},
				"west": {"uv": [12, 3, 13, 6], "texture": "#0"},
				"up": {"uv": [12, 7, 8.25, 6], "texture": "#0"},
				"down": {"uv": [16, 6, 12.25, 7], "texture": "#0"}
			}
		},
		{
			"from": [11, 3.5, 6.75],
			"to": [19.5, 12, 10.25],
			"rotation": {"angle": 45, "axis": "z", "origin": [17, 6, 8.5]},
			"faces": {
				"north": {"uv": [13, 0, 16, 3], "texture": "#0"},
				"south": {"uv": [16, 3, 13, 6], "texture": "#0"},
				"west": {"uv": [11.5, 7, 14.5, 8], "texture": "#0"},
				"up": {"uv": [11.25, 8, 8.25, 7], "texture": "#0"}
			}
		},
		{
			"from": [12.5, 5.5, 6.5],
			"to": [19.5, 6.5, 8.5],
			"faces": {
				"north": {"uv": [13.3125, 15.4375, 16, 15.875], "texture": "#0"}
			}
		},
		{
			"from": [-6.8, 11.85, 7],
			"to": [-5.75, 12.85, 10],
			"rotation": {"angle": 22.5, "axis": "z", "origin": [-6.25, 12.35, 8.5]},
			"faces": {
				"north": {"uv": [1.25, 0.25, 6.5, 2.75], "texture": "#0"},
				"east": {"uv": [1.25, 0.25, 6.5, 2.75], "texture": "#0"},
				"south": {"uv": [1.25, 0.25, 6.5, 2.75], "texture": "#0"},
				"west": {"uv": [1.25, 0.25, 6.5, 2.75], "texture": "#0"},
				"up": {"uv": [1.25, 0.25, 6.5, 2.75], "texture": "#0"},
				"down": {"uv": [1.25, 0.25, 6.5, 2.75], "texture": "#0"}
			}
		},
		{
			"from": [-7.35, 11.35, 7],
			"to": [-6.425, 12.35, 10],
			"rotation": {"angle": 45, "axis": "z", "origin": [-7, 11.85, 8.5]},
			"faces": {
				"north": {"uv": [1.25, 0.25, 6.5, 2.75], "texture": "#0"},
				"east": {"uv": [1.25, 0.25, 6.5, 2.75], "texture": "#0"},
				"south": {"uv": [1.25, 0.25, 6.5, 2.75], "texture": "#0"},
				"west": {"uv": [1.25, 0.25, 6.5, 2.75], "texture": "#0"},
				"up": {"uv": [1.25, 0.25, 6.5, 2.75], "texture": "#0"},
				"down": {"uv": [1.25, 0.25, 6.5, 2.75], "texture": "#0"}
			}
		},
		{
			"from": [-7.9495, 10.775, 7],
			"to": [-6.9495, 11.825, 10],
			"rotation": {"angle": -22.5, "axis": "z", "origin": [-7.45, 11.025, 8.5]},
			"faces": {
				"north": {"uv": [1.25, 0.25, 6.5, 2.75], "texture": "#0"},
				"east": {"uv": [1.25, 0.25, 6.5, 2.75], "texture": "#0"},
				"south": {"uv": [1.25, 0.25, 6.5, 2.75], "texture": "#0"},
				"west": {"uv": [1.25, 0.25, 6.5, 2.75], "texture": "#0"},
				"up": {"uv": [1.25, 0.25, 6.5, 2.75], "texture": "#0"},
				"down": {"uv": [1.25, 0.25, 6.5, 2.75], "texture": "#0"}
			}
		},
		{
			"from": [20.99402, -3.56455, 7],
			"to": [22.04402, -2.56455, 10],
			"rotation": {"angle": 22.5, "axis": "z", "origin": [15.00139, 0.20965, 8.5]},
			"faces": {
				"north": {"uv": [0, 0, 7.5, 3], "texture": "#0"},
				"east": {"uv": [0, 0, 7.5, 3], "texture": "#0"},
				"south": {"uv": [0, 0, 7.5, 3], "texture": "#0"},
				"west": {"uv": [0, 0, 7.5, 3], "texture": "#0"},
				"up": {"uv": [0, 0, 7.5, 3], "texture": "#0"},
				"down": {"uv": [0, 0, 7.5, 3], "texture": "#0"}
			}
		},
		{
			"from": [20.0557, -5.97671, 7],
			"to": [20.9807, -4.97671, 10],
			"rotation": {"angle": 45, "axis": "z", "origin": [15.00139, 0.20965, 8.5]},
			"faces": {
				"north": {"uv": [1.25, 0.25, 6.5, 2.75], "texture": "#0"},
				"east": {"uv": [1.25, 0.25, 6.5, 2.75], "texture": "#0"},
				"south": {"uv": [1.25, 0.25, 6.5, 2.75], "texture": "#0"},
				"west": {"uv": [1.25, 0.25, 6.5, 2.75], "texture": "#0"},
				"up": {"uv": [1.25, 0.25, 6.5, 2.75], "texture": "#0"},
				"down": {"uv": [1.25, 0.25, 6.5, 2.75], "texture": "#0"}
			}
		},
		{
			"from": [22.00868, 3.36879, 7],
			"to": [23.00868, 4.41879, 10],
			"rotation": {"angle": -22.5, "axis": "z", "origin": [15.00139, 0.20965, 8.5]},
			"faces": {
				"north": {"uv": [1.25, 0.25, 6.5, 2.75], "texture": "#0"},
				"east": {"uv": [1.25, 0.25, 6.5, 2.75], "texture": "#0"},
				"south": {"uv": [1.25, 0.25, 6.5, 2.75], "texture": "#0"},
				"west": {"uv": [1.25, 0.25, 6.5, 2.75], "texture": "#0"},
				"up": {"uv": [1.25, 0.25, 6.5, 2.75], "texture": "#0"},
				"down": {"uv": [1.25, 0.25, 6.5, 2.75], "texture": "#0"}
			}
		},
		{
			"from": [-7.00406, 3.37324, 7],
			"to": [-6.00406, 4.42324, 10],
			"rotation": {"angle": 22.5, "axis": "z", "origin": [1.00139, 0.20965, 8.5]},
			"faces": {
				"north": {"uv": [1.25, 0.25, 6.5, 2.75], "texture": "#0"},
				"east": {"uv": [1.25, 0.25, 6.5, 2.75], "texture": "#0"},
				"south": {"uv": [1.25, 0.25, 6.5, 2.75], "texture": "#0"},
				"west": {"uv": [1.25, 0.25, 6.5, 2.75], "texture": "#0"},
				"up": {"uv": [1.25, 0.25, 6.5, 2.75], "texture": "#0"},
				"down": {"uv": [1.25, 0.25, 6.5, 2.75], "texture": "#0"}
			}
		},
		{
			"from": [-5.18839, 5.27889, 7],
			"to": [-4.18839, 6.20389, 10],
			"rotation": {"angle": 45, "axis": "z", "origin": [1.00139, 0.20965, 8.5]},
			"faces": {
				"north": {"uv": [1.25, 0.25, 6.5, 2.75], "texture": "#0"},
				"east": {"uv": [1.25, 0.25, 6.5, 2.75], "texture": "#0"},
				"south": {"uv": [1.25, 0.25, 6.5, 2.75], "texture": "#0"},
				"west": {"uv": [1.25, 0.25, 6.5, 2.75], "texture": "#0"},
				"up": {"uv": [1.25, 0.25, 6.5, 2.75], "texture": "#0"},
				"down": {"uv": [1.25, 0.25, 6.5, 2.75], "texture": "#0"}
			}
		},
		{
			"from": [-6.04831, -3.57269, 7],
			"to": [-4.99831, -2.57269, 10],
			"rotation": {"angle": -22.5, "axis": "z", "origin": [1.00139, 0.20965, 8.5]},
			"faces": {
				"north": {"uv": [1.25, 0.25, 6.5, 2.75], "texture": "#0"},
				"east": {"uv": [1.25, 0.25, 6.5, 2.75], "texture": "#0"},
				"south": {"uv": [1.25, 0.25, 6.5, 2.75], "texture": "#0"},
				"west": {"uv": [1.25, 0.25, 6.5, 2.75], "texture": "#0"},
				"up": {"uv": [1.25, 0.25, 6.5, 2.75], "texture": "#0"},
				"down": {"uv": [1.25, 0.25, 6.5, 2.75], "texture": "#0"}
			}
		},
		{
			"from": [22, 11, 7],
			"to": [24, 13, 10],
			"faces": {
				"north": {"uv": [1.25, 0.25, 6.5, 2.75], "texture": "#0"},
				"east": {"uv": [0.75, 8.6875, 1.4375, 9.25], "texture": "#0"},
				"south": {"uv": [1.25, 0.25, 6.5, 2.75], "texture": "#0"},
				"west": {"uv": [1.25, 0.25, 6.5, 2.75], "texture": "#0"},
				"up": {"uv": [1.25, 0.25, 6.5, 2.75], "texture": "#0"},
				"down": {"uv": [1.25, 0.25, 6.5, 2.75], "texture": "#0"}
			}
		},
		{
			"from": [23.9, 13, 7],
			"to": [24, 15.75, 10],
			"faces": {
				"north": {"uv": [2.125, 8.1875, 2.1875, 8.67188], "texture": "#0"},
				"east": {"uv": [1.5, 8.1875, 2.1875, 8.6875], "texture": "#0"},
				"south": {"uv": [2.125, 8.1875, 2.1875, 8.67188], "texture": "#0"},
				"west": {"uv": [1.5, 8.1875, 2.1875, 8.6875], "texture": "#0"},
				"up": {"uv": [2.1875, 8.1875, 1.5, 8.25], "rotation": 90, "texture": "#0"},
				"down": {"uv": [0.75, 8.4375, 1.4375, 8.5], "texture": "#0"}
			}
		},
		{
			"from": [10, 14, 7],
			"to": [18.25, 15, 10],
			"faces": {
				"north": {"uv": [0.75, 7.5, 3, 8.1875], "texture": "#0"},
				"east": {"uv": [0.75, 7.5, 3, 8.1875], "texture": "#0"},
				"south": {"uv": [0.75, 7.5, 3, 8.1875], "texture": "#0"},
				"west": {"uv": [0.75, 7.5, 3, 8.1875], "texture": "#0"},
				"up": {"uv": [0.75, 7.5, 3, 8.1875], "texture": "#0"},
				"down": {"uv": [0.75, 7.5, 3, 8.1875], "texture": "#0"}
			}
		},
		{
			"from": [9.5, 13, 7.25],
			"to": [18, 14, 9.75],
			"faces": {
				"north": {"uv": [0.75, 7.5, 3, 8.1875], "texture": "#0"},
				"east": {"uv": [0.75, 7.5, 3, 8.1875], "texture": "#0"},
				"south": {"uv": [0.75, 7.5, 3, 8.1875], "texture": "#0"},
				"west": {"uv": [0.75, 7.5, 3, 8.1875], "texture": "#0"},
				"up": {"uv": [0.75, 7.5, 3, 8.1875], "texture": "#0"},
				"down": {"uv": [0.75, 7.5, 3, 8.1875], "texture": "#0"}
			}
		},
		{
			"from": [8.26746, 13.65538, 7],
			"to": [10.26746, 14.65538, 10],
			"rotation": {"angle": 22.5, "axis": "z", "origin": [9.26746, 14.15538, 8.5]},
			"faces": {
				"north": {"uv": [0.75, 7.5, 3, 8.1875], "texture": "#0"},
				"east": {"uv": [0.75, 7.5, 3, 8.1875], "texture": "#0"},
				"south": {"uv": [0.75, 7.5, 3, 8.1875], "texture": "#0"},
				"west": {"uv": [0.75, 7.5, 3, 8.1875], "texture": "#0"},
				"up": {"uv": [0.75, 7.5, 3, 8.1875], "texture": "#0"},
				"down": {"uv": [0.75, 7.5, 3, 8.1875], "texture": "#0"}
			}
		},
		{
			"from": [-3, 4.25, 6.7],
			"to": [0.5, 7.75, 10.35],
			"rotation": {"angle": 0, "axis": "y", "origin": [-1.25, 6, 8.5]},
			"faces": {
				"north": {"uv": [0, 14, 2, 16], "texture": "#0"},
				"south": {"uv": [0, 14, 2, 16], "texture": "#0"}
			}
		},
		{
			"from": [-0.575, 4.225, 6.75],
			"to": [4.175, 7.725, 10.25],
			"rotation": {"angle": 0, "axis": "z", "origin": [-1.325, 5.975, 8.5]},
			"faces": {
				"north": {"uv": [0, 0, 8.22917, 5.75], "texture": "#1"},
				"south": {"uv": [8.22917, 0, 0, 5.75], "texture": "#1"}
			}
		},
		{
			"from": [-0.575, 4.225, 6.75],
			"to": [4.175, 7.725, 10.25],
			"rotation": {"angle": -45, "axis": "z", "origin": [-1.325, 5.975, 8.5]},
			"faces": {
				"north": {"uv": [0, 0, 8.22917, 5.75], "texture": "#1"},
				"south": {"uv": [8.22917, 0, 0, 5.75], "texture": "#1"}
			}
		},
		{
			"from": [-3.075, 0.475, 6.75],
			"to": [0.425, 5.225, 10.25],
			"rotation": {"angle": 0, "axis": "z", "origin": [-1.325, 5.975, 8.5]},
			"faces": {
				"north": {"uv": [0, 0, 8.22917, 5.75], "rotation": 270, "texture": "#1"},
				"south": {"uv": [8.22917, 0, 0, 5.75], "rotation": 90, "texture": "#1"}
			}
		},
		{
			"from": [-6.825, 4.225, 6.75],
			"to": [-2.075, 7.725, 10.25],
			"rotation": {"angle": 45, "axis": "z", "origin": [-1.325, 5.975, 8.5]},
			"faces": {
				"north": {"uv": [0, 0, 8.22917, 5.75], "rotation": 180, "texture": "#1"},
				"south": {"uv": [8.22917, 0, 0, 5.75], "rotation": 180, "texture": "#1"}
			}
		},
		{
			"from": [-6.825, 4.225, 6.75],
			"to": [-2.075, 7.725, 10.25],
			"rotation": {"angle": 0, "axis": "z", "origin": [-1.325, 5.975, 8.5]},
			"faces": {
				"north": {"uv": [0, 0, 8.22917, 5.75], "rotation": 180, "texture": "#1"},
				"south": {"uv": [8.22917, 0, 0, 5.75], "rotation": 180, "texture": "#1"}
			}
		},
		{
			"from": [-6.825, 4.225, 6.75],
			"to": [-2.075, 7.725, 10.25],
			"rotation": {"angle": -45, "axis": "z", "origin": [-1.325, 5.975, 8.5]},
			"faces": {
				"north": {"uv": [0, 0, 8.22917, 5.75], "rotation": 180, "texture": "#1"},
				"south": {"uv": [8.22917, 0, 0, 5.75], "rotation": 180, "texture": "#1"}
			}
		},
		{
			"from": [-3.075, 6.725, 6.75],
			"to": [0.425, 11.475, 10.25],
			"rotation": {"angle": 0, "axis": "z", "origin": [-1.325, 5.975, 8.5]},
			"faces": {
				"north": {"uv": [0, 0, 8.22917, 5.75], "rotation": 90, "texture": "#1"},
				"south": {"uv": [8.22917, 0, 0, 5.75], "rotation": 270, "texture": "#1"}
			}
		},
		{
			"from": [-3.075, 6.725, 6.75],
			"to": [0.425, 11.475, 10.25],
			"rotation": {"angle": -45, "axis": "z", "origin": [-1.325, 5.975, 8.5]},
			"faces": {
				"north": {"uv": [0, 0, 8.22917, 5.75], "rotation": 90, "texture": "#1"},
				"south": {"uv": [8.22917, 0, 0, 5.75], "rotation": 270, "texture": "#1"}
			}
		},
		{
			"from": [-0.575, 4.225, 6.75],
			"to": [4.175, 7.725, 10.25],
			"rotation": {"angle": -22.5, "axis": "z", "origin": [-1.325, 5.975, 8.5]},
			"faces": {
				"north": {"uv": [0, 5.75, 8.22917, 11.5], "texture": "#1"},
				"south": {"uv": [8.22917, 5.75, 0, 11.5], "texture": "#1"}
			}
		},
		{
			"from": [-3.075, 0.475, 6.75],
			"to": [0.425, 5.225, 10.25],
			"rotation": {"angle": 22.5, "axis": "z", "origin": [-1.325, 5.975, 8.5]},
			"faces": {
				"north": {"uv": [0, 5.75, 8.22917, 11.5], "rotation": 270, "texture": "#1"},
				"south": {"uv": [8.22917, 5.75, 0, 11.5], "rotation": 90, "texture": "#1"}
			}
		},
		{
			"from": [-3.075, 0.475, 6.75],
			"to": [0.425, 5.225, 10.25],
			"rotation": {"angle": -22.5, "axis": "z", "origin": [-1.325, 5.975, 8.5]},
			"faces": {
				"north": {"uv": [0, 5.75, 8.22917, 11.5], "rotation": 270, "texture": "#1"},
				"south": {"uv": [8.22917, 5.75, 0, 11.5], "rotation": 90, "texture": "#1"}
			}
		},
		{
			"from": [-6.825, 4.225, 6.75],
			"to": [-2.075, 7.725, 10.25],
			"rotation": {"angle": 22.5, "axis": "z", "origin": [-1.325, 5.975, 8.5]},
			"faces": {
				"north": {"uv": [0, 5.75, 8.22917, 11.5], "rotation": 180, "texture": "#1"},
				"south": {"uv": [8.22917, 5.75, 0, 11.5], "rotation": 180, "texture": "#1"}
			}
		},
		{
			"from": [-6.825, 4.225, 6.75],
			"to": [-2.075, 7.725, 10.25],
			"rotation": {"angle": -22.5, "axis": "z", "origin": [-1.325, 5.975, 8.5]},
			"faces": {
				"north": {"uv": [0, 5.75, 8.22917, 11.5], "rotation": 180, "texture": "#1"},
				"south": {"uv": [8.22917, 5.75, 0, 11.5], "rotation": 180, "texture": "#1"}
			}
		},
		{
			"from": [-3.075, 6.725, 6.75],
			"to": [0.425, 11.475, 10.25],
			"rotation": {"angle": 22.5, "axis": "z", "origin": [-1.325, 5.975, 8.5]},
			"faces": {
				"north": {"uv": [0, 5.75, 8.22917, 11.5], "rotation": 90, "texture": "#1"},
				"south": {"uv": [8.22917, 5.75, 0, 11.5], "rotation": 270, "texture": "#1"}
			}
		},
		{
			"from": [-3.075, 6.725, 6.75],
			"to": [0.425, 11.475, 10.25],
			"rotation": {"angle": -22.5, "axis": "z", "origin": [-1.325, 5.975, 8.5]},
			"faces": {
				"north": {"uv": [0, 5.75, 8.22917, 11.5], "rotation": 90, "texture": "#1"},
				"south": {"uv": [8.22917, 5.75, 0, 11.5], "rotation": 270, "texture": "#1"}
			}
		},
		{
			"from": [-0.575, 4.225, 6.75],
			"to": [4.175, 7.725, 10.25],
			"rotation": {"angle": 22.5, "axis": "z", "origin": [-1.325, 5.975, 8.5]},
			"faces": {
				"north": {"uv": [0, 5.75, 8.22917, 11.5], "texture": "#1"},
				"south": {"uv": [8.22917, 5.75, 0, 11.5], "texture": "#1"}
			}
		}
	],
	"display": {
		"thirdperson_righthand": {
			"rotation": [6.84, 10, -2],
			"translation": [-0.75, -1, -0.5],
			"scale": [0.36, 0.36, 0.36]
		},
		"thirdperson_lefthand": {
			"rotation": [6.84, 10, -2],
			"translation": [-0.75, -1, -0.5],
			"scale": [0.36, 0.36, 0.36]
		},
		"firstperson_righthand": {
			"rotation": [0, 123, 0],
			"translation": [2.75, 2.75, 0],
			"scale": [0.44, 0.44, 0.44]
		},
		"firstperson_lefthand": {
			"rotation": [0, 123, 0],
			"translation": [2.75, 2.75, 0],
			"scale": [0.44, 0.44, 0.44]
		},
		"ground": {
			"translation": [0, 6.25, 0],
			"scale": [0.32, 0.32, 0.32]
		},
		"gui": {
			"rotation": [-2, 159, -18],
			"translation": [0, 1.25, 0],
			"scale": [0.57, 0.57, 0.57]
		},
		"head": {
			"rotation": [90, 0, 0],
			"translation": [0, 7.75, 0],
			"scale": [0.44, 0.44, 0.44]
		},
		"fixed": {
			"rotation": [0, 0, -45],
			"translation": [0.5, 0.75, 0],
			"scale": [0.63, 0.63, 0.63]
		}
	},
	"groups": [
		{
			"name": "group",
			"origin": [8, 8, 8],
			"color": 0,
			"nbt": "{}",
			"armAnimationEnabled": false,
			"children": [
				0,
				1,
				2,
				3,
				4,
				{
					"name": "group",
					"origin": [5, 0.25, 7],
					"color": 0,
					"nbt": "{}",
					"armAnimationEnabled": false,
					"children": [5, 6, 7, 8]
				},
				{
					"name": "group",
					"origin": [7.52513, 6, 8.5],
					"color": 0,
					"nbt": "{}",
					"armAnimationEnabled": false,
					"children": [9, 10, 11]
				}
			]
		},
		{
			"name": "ygol",
			"origin": [8, 8, 8],
			"color": 0,
			"nbt": "{}",
			"armAnimationEnabled": false,
			"children": [12, 13, 14]
		},
		{
			"name": "ygol",
			"origin": [8, 8, 8],
			"color": 0,
			"nbt": "{}",
			"armAnimationEnabled": false,
			"children": [15, 16, 17]
		},
		{
			"name": "ygol",
			"origin": [8, 8, 8],
			"color": 0,
			"nbt": "{}",
			"armAnimationEnabled": false,
			"children": [18, 19, 20]
		},
		{
			"name": "detals",
			"origin": [0, 0, 0],
			"color": 0,
			"nbt": "{}",
			"armAnimationEnabled": false,
			"children": [21, 22, 23, 24, 25]
		},
		{
			"name": "vent",
			"origin": [8, 8, 8],
			"color": 0,
			"nbt": "{}",
			"armAnimationEnabled": false,
			"children": [
				26,
				{
					"name": "1",
					"origin": [8, 8, 8],
					"color": 0,
					"nbt": "{}",
					"armAnimationEnabled": false,
					"children": [27, 28, 29, 30, 31, 32, 33, 34]
				},
				{
					"name": "2",
					"origin": [8, 8, 8],
					"color": 0,
					"nbt": "{}",
					"armAnimationEnabled": false,
					"children": [35, 36, 37, 38, 39, 40, 41, 42]
				}
			]
		}
	]
}