{
	"credit": "Made with Blockbench",
	"textures": {
		"0": "item/set/trost",
		"particle": "item/set/trost"
	},
	"elements": [
		{
			"from": [7, 0, 9],
			"to": [8, 12, 10],
			"rotation": {"angle": 0, "axis": "y", "origin": [15, 8, 17]},
			"faces": {
				"north": {"uv": [15, 1, 16, 14], "texture": "#0"},
				"east": {"uv": [14, 1, 15, 14], "texture": "#0"},
				"south": {"uv": [15, 1, 16, 14], "texture": "#0"},
				"west": {"uv": [14, 1, 15, 14], "texture": "#0"},
				"down": {"uv": [2, 0, 3, 1], "texture": "#0"}
			}
		},
		{
			"from": [6, 12, 8],
			"to": [9, 15, 11],
			"rotation": {"angle": 0, "axis": "y", "origin": [7.5, 13.5, 9.5]},
			"faces": {
				"north": {"uv": [11, 12, 8, 15], "texture": "#0"},
				"east": {"uv": [11, 12, 14, 15], "texture": "#0"},
				"south": {"uv": [8, 12, 11, 15], "texture": "#0"},
				"west": {"uv": [5, 12, 8, 15], "texture": "#0"},
				"up": {"uv": [11, 9, 14, 12], "rotation": 270, "texture": "#0"},
				"down": {"uv": [8, 9, 11, 12], "rotation": 270, "texture": "#0"}
			}
		},
		{
			"from": [5.75, 11.75, 7.75],
			"to": [9.25, 15.25, 11.25],
			"rotation": {"angle": 0, "axis": "y", "origin": [7.5, 13.5, 9.5]},
			"faces": {
				"north": {"uv": [11, 5, 8, 8], "texture": "#0"},
				"east": {"uv": [11, 5, 14, 8], "texture": "#0"},
				"south": {"uv": [8, 5, 11, 8], "texture": "#0"},
				"west": {"uv": [5, 5, 8, 8], "texture": "#0"},
				"up": {"uv": [11, 2, 14, 5], "rotation": 270, "texture": "#0"}
			}
		},
		{
			"from": [9.25, 11.75, 7.75],
			"to": [5.75, 15.25, 11.25],
			"rotation": {"angle": 0, "axis": "y", "origin": [7.5, 13.5, 9.5]},
			"faces": {
				"north": {"uv": [8, 5, 11, 8], "texture": "#0"},
				"east": {"uv": [8, 5, 5, 8], "texture": "#0"},
				"south": {"uv": [11, 5, 8, 8], "texture": "#0"},
				"west": {"uv": [14, 5, 11, 8], "texture": "#0"},
				"up": {"uv": [14, 2, 11, 5], "rotation": 180, "texture": "#0"}
			}
		}
	],
	"display": {
		"thirdperson_righthand": {
			"rotation": [70, 90, 0],
			"translation": [-1.5, -2.25, -5.5]
		},
		"thirdperson_lefthand": {
			"rotation": [6, 5.5, -2.5],
			"translation": [-1, 0.5, 0]
		},
		"firstperson_righthand": {
			"rotation": [5, 92, 0],
			"translation": [-2, -1.75, 0.25]
		},
		"firstperson_lefthand": {
			"rotation": [-13, 0, 0],
			"translation": [-0.25, 1.75, 1.25]
		},
		"ground": {
			"rotation": [-90, 0, -90],
			"translation": [1, -2.5, 0]
		},
		"gui": {
			"rotation": [27, -160, 35],
			"translation": [0.5, -0.75, 0],
			"scale": [1.05, 1.05, 1.05]
		},
		"head": {
			"rotation": [-90, 0, -90],
			"translation": [1.25, 4.75, 0.5],
			"scale": [1.66, 1.66, 1.66]
		},
		"fixed": {
			"rotation": [-7, 0, -22],
			"translation": [0, 1.5, -3.5],
			"scale": [2, 2, 2]
		}
	}
}