{
	"credit": "Made with Blockbench",
	"texture_size": [32, 32],
	"textures": {
		"0": "candel/candelabra"
	},
	"elements": [
		{
			"from": [6, 0, 6],
			"to": [10, 1, 10],
			"rotation": {"angle": 0, "axis": "y", "origin": [10, 8, 14]},
			"faces": {
				"north": {"uv": [0, 13.5, 2, 14], "texture": "#0"},
				"east": {"uv": [0, 13.5, 2, 14], "texture": "#0"},
				"south": {"uv": [0, 13.5, 2, 14], "texture": "#0"},
				"west": {"uv": [0, 13.5, 2, 14], "texture": "#0"},
				"down": {"uv": [0, 16, 2, 14], "rotation": 180, "texture": "#0"}
			}
		},
		{
			"from": [5, 1, 5],
			"to": [11, 1, 11],
			"rotation": {"angle": 0, "axis": "y", "origin": [9, 9, 13]},
			"faces": {
				"north": {"uv": [1, 5.5, 3, 6.5], "texture": "#0"},
				"east": {"uv": [1, 5.5, 3, 6.5], "texture": "#0"},
				"south": {"uv": [1, 5.5, 3, 6.5], "texture": "#0"},
				"west": {"uv": [1, 5.5, 3, 6.5], "texture": "#0"},
				"up": {"uv": [2, 13, 5, 16], "rotation": 180, "texture": "#0"},
				"down": {"uv": [2, 16, 5, 13], "rotation": 180, "texture": "#0"}
			}
		},
		{
			"from": [7, 1, 7],
			"to": [9, 6, 9],
			"rotation": {"angle": 0, "axis": "y", "origin": [11, 9, 15]},
			"faces": {
				"north": {"uv": [0, 7, 1, 9.5], "texture": "#0"},
				"east": {"uv": [0, 7, 1, 9.5], "texture": "#0"},
				"south": {"uv": [0, 7, 1, 9.5], "texture": "#0"},
				"west": {"uv": [0, 7, 1, 9.5], "texture": "#0"},
				"up": {"uv": [0, 0.5, 1, 1.5], "rotation": 180, "texture": "#0"}
			}
		},
		{
			"from": [8, 6, 7.5],
			"to": [8, 7, 8.5],
			"rotation": {"angle": 45, "axis": "y", "origin": [8, 6.5, 8]},
			"faces": {
				"north": {"uv": [0, 0, 2.5, 6], "texture": "#0"},
				"east": {"uv": [0, 0, 0.5, 0.5], "texture": "#0"},
				"south": {"uv": [5, 0, 7.5, 6], "texture": "#0"},
				"west": {"uv": [0, 0, 0.5, 0.5], "texture": "#0"},
				"up": {"uv": [0, 6, 2.5, 8.5], "rotation": 180, "texture": "#0"},
				"down": {"uv": [2.5, 8.5, 5, 6], "rotation": 180, "texture": "#0"}
			}
		},
		{
			"from": [8, 6, 7.5],
			"to": [8, 7, 8.5],
			"rotation": {"angle": -45, "axis": "y", "origin": [8, 6.5, 8]},
			"faces": {
				"north": {"uv": [0, 0, 2.5, 6], "texture": "#0"},
				"east": {"uv": [0, 0, 0.5, 0.5], "texture": "#0"},
				"south": {"uv": [5, 0, 7.5, 6], "texture": "#0"},
				"west": {"uv": [0, 0, 0.5, 0.5], "texture": "#0"},
				"up": {"uv": [0, 6, 2.5, 8.5], "rotation": 180, "texture": "#0"},
				"down": {"uv": [2.5, 8.5, 5, 6], "rotation": 180, "texture": "#0"}
			}
		},
		{
			"from": [8, 1, 10],
			"to": [8, 4, 14],
			"rotation": {"angle": 0, "axis": "y", "origin": [8, 6.5, 16]},
			"faces": {
				"north": {"uv": [8, 4.5, 8.5, 5], "texture": "#0"},
				"east": {"uv": [0, 12, 2, 13.5], "texture": "#0"},
				"south": {"uv": [7.5, 4.5, 8, 5], "texture": "#0"},
				"west": {"uv": [2, 12, 0, 13.5], "texture": "#0"},
				"up": {"uv": [3.5, 8, 4.5, 9], "texture": "#0"},
				"down": {"uv": [3.5, 10, 4.5, 11], "texture": "#0"}
			}
		},
		{
			"from": [8, 7.125, 7.625],
			"to": [8, 8.625, 8.375],
			"rotation": {"angle": 0, "axis": "y", "origin": [8, 15.5, 2]},
			"faces": {
				"north": {"uv": [0, 0, 2.5, 6], "texture": "#0"},
				"east": {"uv": [14, 12, 16, 16], "texture": "#0"},
				"south": {"uv": [5, 0, 7.5, 6], "texture": "#0"},
				"west": {"uv": [14, 12, 16, 16], "texture": "#0"},
				"up": {"uv": [0, 6, 2.5, 8.5], "rotation": 180, "texture": "#0"},
				"down": {"uv": [2.5, 8.5, 5, 6], "rotation": 180, "texture": "#0"}
			}
		},
		{
			"from": [8, 6.5, 7],
			"to": [8, 10.5, 9],
			"rotation": {"angle": 0, "axis": "y", "origin": [8, 15.5, 2]},
			"faces": {
				"north": {"uv": [0, 0, 2.5, 6], "texture": "#0"},
				"east": {"uv": [14, 0, 16, 4], "texture": "#0"},
				"south": {"uv": [5, 0, 7.5, 6], "texture": "#0"},
				"west": {"uv": [14, 0, 16, 4], "texture": "#0"},
				"up": {"uv": [0, 6, 2.5, 8.5], "rotation": 180, "texture": "#0"},
				"down": {"uv": [2.5, 8.5, 5, 6], "rotation": 180, "texture": "#0"}
			}
		},
		{
			"from": [8, 6.75, 7.25],
			"to": [8, 9.75, 8.75],
			"rotation": {"angle": 0, "axis": "y", "origin": [8, 15.5, 2]},
			"faces": {
				"north": {"uv": [0, 0, 2.5, 6], "texture": "#0"},
				"east": {"uv": [14, 4, 16, 8], "texture": "#0"},
				"south": {"uv": [5, 0, 7.5, 6], "texture": "#0"},
				"west": {"uv": [14, 4, 16, 8], "texture": "#0"},
				"up": {"uv": [0, 6, 2.5, 8.5], "rotation": 180, "texture": "#0"},
				"down": {"uv": [2.5, 8.5, 5, 6], "rotation": 180, "texture": "#0"}
			}
		},
		{
			"from": [8, 7, 7.5],
			"to": [8, 9, 8.5],
			"rotation": {"angle": 0, "axis": "y", "origin": [8, 15.5, 2]},
			"faces": {
				"north": {"uv": [0, 0, 2.5, 6], "texture": "#0"},
				"east": {"uv": [14, 8, 16, 12], "texture": "#0"},
				"south": {"uv": [5, 0, 7.5, 6], "texture": "#0"},
				"west": {"uv": [14, 8, 16, 12], "texture": "#0"},
				"up": {"uv": [0, 6, 2.5, 8.5], "rotation": 180, "texture": "#0"},
				"down": {"uv": [2.5, 8.5, 5, 6], "rotation": 180, "texture": "#0"}
			}
		}
	],
	"display": {
		"thirdperson_righthand": {
			"rotation": [50, 25, 0],
			"translation": [-1.75, 6, 2.5]
		},
		"thirdperson_lefthand": {
			"rotation": [50, 25, 0],
			"translation": [-1.75, 6, 2.5]
		},
		"firstperson_righthand": {
			"rotation": [-15, 5, 0],
			"translation": [1.5, 4, -4.5]
		},
		"firstperson_lefthand": {
			"rotation": [-15, 5, 0],
			"translation": [1.5, 4, -4.5]
		},
		"ground": {
			"translation": [0, 6, 0]
		},
		"gui": {
			"rotation": [35, 135, 0],
			"translation": [-0.25, 4.25, 0],
			"scale": [1.4, 1.4, 1.4]
		},
		"head": {
			"rotation": [0, 90, 0],
			"translation": [0, 19.5, 0],
			"scale": [1.66, 1.66, 1.66]
		},
		"fixed": {
			"rotation": [-90, 0, 0],
			"translation": [0, 0, -14],
			"scale": [2, 2, 2]
		}
	}
}