{
	"credit": "da",
	"textures": {
		"0": "bows/2/staff_illusioner",
		"1": "bows/2/staff_illusioner2",
		"particle": "item/bows/2/staff_illusioner"
	},
	"elements": [
		{
			"name": "rod1",
			"from": [7.5, 0, 7.5],
			"to": [8.5, 22, 8.5],
			"rotation": {"angle": 0, "axis": "y", "origin": [10.25, 13, 4.5]},
			"faces": {
				"north": {"uv": [0, 0, 1, 15], "texture": "#0"},
				"east": {"uv": [1, 0, 2, 15], "texture": "#0"},
				"south": {"uv": [2, 0, 3, 15], "texture": "#0"},
				"west": {"uv": [3, 0, 4, 15], "texture": "#0"},
				"up": {"uv": [5, 1, 4, 0], "texture": "#0"},
				"down": {"uv": [5, 1, 4, 2], "texture": "#0"}
			}
		},
		{
			"name": "rod2",
			"from": [6.75, 22, 6.75],
			"to": [9.25, 23, 9.25],
			"rotation": {"angle": 0, "axis": "y", "origin": [10.25, 13, 4.5]},
			"faces": {
				"north": {"uv": [5, 0, 7.5, 1], "texture": "#0"},
				"east": {"uv": [5, 2, 7.5, 3], "texture": "#0"},
				"south": {"uv": [5, 1, 7.5, 2], "texture": "#0"},
				"west": {"uv": [5, 3, 7.5, 4], "texture": "#0"},
				"up": {"uv": [9.5, 0, 12, 2.5], "texture": "#0"},
				"down": {"uv": [9.5, 2.5, 12, 5], "texture": "#0"}
			}
		},
		{
			"name": "b1",
			"from": [6.5, 24, 6.5],
			"to": [9.5, 27, 9.5],
			"rotation": {"angle": 0, "axis": "y", "origin": [8, 20, 8]},
			"faces": {
				"north": {"uv": [0, 0, 1.5, 1.5], "texture": "#1"},
				"east": {"uv": [0, 1.5, 1.5, 3], "texture": "#1"},
				"south": {"uv": [1.5, 0, 3, 1.5], "texture": "#1"},
				"west": {"uv": [1.5, 1.5, 3, 3], "texture": "#1"},
				"up": {"uv": [4.5, 1.5, 3, 0], "texture": "#1"},
				"down": {"uv": [4.5, 1.5, 3, 3], "texture": "#1"}
			}
		},
		{
			"name": "b2",
			"from": [6.5, 23.975, 6.5],
			"to": [9.5, 26.975, 9.5],
			"rotation": {"angle": 0, "axis": "y", "origin": [8, 20, 8]},
			"faces": {
				"north": {"uv": [4.5, 0, 6, 1.5], "texture": "#1"},
				"east": {"uv": [4.5, 1.5, 6, 3], "texture": "#1"},
				"south": {"uv": [6, 0, 7.5, 1.5], "texture": "#1"},
				"west": {"uv": [6, 1.5, 7.5, 3], "texture": "#1"},
				"up": {"uv": [9, 1.5, 7.5, 0], "texture": "#1"},
				"down": {"uv": [9, 1.5, 7.5, 3], "texture": "#1"}
			}
		},
		{
			"name": "b3",
			"from": [6.5, 23.95, 6.5],
			"to": [9.5, 26.95, 9.5],
			"rotation": {"angle": 0, "axis": "y", "origin": [8, 20, 8]},
			"faces": {
				"north": {"uv": [9, 0, 10.5, 1.5], "texture": "#1"},
				"east": {"uv": [9, 1.5, 10.5, 3], "texture": "#1"},
				"south": {"uv": [10.5, 0, 12, 1.5], "texture": "#1"},
				"west": {"uv": [10.5, 1.5, 12, 3], "texture": "#1"},
				"up": {"uv": [13.5, 1.5, 12, 0], "texture": "#1"},
				"down": {"uv": [13.5, 1.5, 12, 3], "texture": "#1"}
			}
		},
		{
			"name": "b4",
			"from": [6.5, 23.925, 6.5],
			"to": [9.5, 26.925, 9.5],
			"rotation": {"angle": 0, "axis": "y", "origin": [8, 20, 8]},
			"faces": {
				"north": {"uv": [0, 3, 1.5, 4.5], "texture": "#1"},
				"east": {"uv": [0, 4.5, 1.5, 6], "texture": "#1"},
				"south": {"uv": [1.5, 3, 3, 4.5], "texture": "#1"},
				"west": {"uv": [1.5, 4.5, 3, 6], "texture": "#1"},
				"up": {"uv": [4.5, 4.5, 3, 3], "texture": "#1"},
				"down": {"uv": [4.5, 4.5, 3, 6], "texture": "#1"}
			}
		},
		{
			"name": "b5",
			"from": [6.5, 23.9, 6.5],
			"to": [9.5, 26.9, 9.5],
			"rotation": {"angle": 0, "axis": "y", "origin": [8, 20, 8]},
			"faces": {
				"north": {"uv": [4.5, 3, 6, 4.5], "texture": "#1"},
				"east": {"uv": [4.5, 4.5, 6, 6], "texture": "#1"},
				"south": {"uv": [6, 3, 7.5, 4.5], "texture": "#1"},
				"west": {"uv": [6, 4.5, 7.5, 6], "texture": "#1"},
				"up": {"uv": [9, 4.5, 7.5, 3], "texture": "#1"},
				"down": {"uv": [9, 4.5, 7.5, 6], "texture": "#1"}
			}
		},
		{
			"name": "b6",
			"from": [6.5, 23.875, 6.5],
			"to": [9.5, 26.875, 9.5],
			"rotation": {"angle": 0, "axis": "y", "origin": [8, 20, 8]},
			"faces": {
				"north": {"uv": [9, 3, 10.5, 4.5], "texture": "#1"},
				"east": {"uv": [9, 4.5, 10.5, 6], "texture": "#1"},
				"south": {"uv": [10.5, 3, 12, 4.5], "texture": "#1"},
				"west": {"uv": [10.5, 4.5, 12, 6], "texture": "#1"},
				"up": {"uv": [13.5, 4.5, 12, 3], "texture": "#1"},
				"down": {"uv": [13.5, 4.5, 12, 6], "texture": "#1"}
			}
		},
		{
			"name": "b7",
			"from": [6.5, 23.85, 6.5],
			"to": [9.5, 26.85, 9.5],
			"rotation": {"angle": 0, "axis": "y", "origin": [8, 20, 8]},
			"faces": {
				"north": {"uv": [0, 6, 1.5, 7.5], "texture": "#1"},
				"east": {"uv": [0, 7.5, 1.5, 9], "texture": "#1"},
				"south": {"uv": [1.5, 6, 3, 7.5], "texture": "#1"},
				"west": {"uv": [1.5, 7.5, 3, 9], "texture": "#1"},
				"up": {"uv": [4.5, 7.5, 3, 6], "texture": "#1"},
				"down": {"uv": [4.5, 7.5, 3, 9], "texture": "#1"}
			}
		},
		{
			"name": "b8",
			"from": [6.5, 23.825, 6.5],
			"to": [9.5, 26.825, 9.5],
			"rotation": {"angle": 0, "axis": "y", "origin": [8, 20, 8]},
			"faces": {
				"north": {"uv": [4.5, 6, 6, 7.5], "texture": "#1"},
				"east": {"uv": [4.5, 7.5, 6, 9], "texture": "#1"},
				"south": {"uv": [6, 6, 7.5, 7.5], "texture": "#1"},
				"west": {"uv": [6, 7.5, 7.5, 9], "texture": "#1"},
				"up": {"uv": [9, 7.5, 7.5, 6], "texture": "#1"},
				"down": {"uv": [9, 7.5, 7.5, 9], "texture": "#1"}
			}
		},
		{
			"name": "b9",
			"from": [6.5, 23.8, 6.5],
			"to": [9.5, 26.8, 9.5],
			"rotation": {"angle": 0, "axis": "y", "origin": [8, 20, 8]},
			"faces": {
				"north": {"uv": [9, 6, 10.5, 7.5], "texture": "#1"},
				"east": {"uv": [9, 7.5, 10.5, 9], "texture": "#1"},
				"south": {"uv": [10.5, 6, 12, 7.5], "texture": "#1"},
				"west": {"uv": [10.5, 7.5, 12, 9], "texture": "#1"},
				"up": {"uv": [13.5, 7.5, 12, 6], "texture": "#1"},
				"down": {"uv": [13.5, 7.5, 12, 9], "texture": "#1"}
			}
		},
		{
			"name": "b10",
			"from": [6.5, 23.775, 6.5],
			"to": [9.5, 26.775, 9.5],
			"rotation": {"angle": 0, "axis": "y", "origin": [8, 20, 8]},
			"faces": {
				"north": {"uv": [0, 9, 1.5, 10.5], "texture": "#1"},
				"east": {"uv": [0, 10.5, 1.5, 12], "texture": "#1"},
				"south": {"uv": [1.5, 9, 3, 10.5], "texture": "#1"},
				"west": {"uv": [1.5, 10.5, 3, 12], "texture": "#1"},
				"up": {"uv": [4.5, 10.5, 3, 9], "texture": "#1"},
				"down": {"uv": [4.5, 10.5, 3, 12], "texture": "#1"}
			}
		},
		{
			"name": "b11",
			"from": [6.5, 23.75, 6.5],
			"to": [9.5, 26.75, 9.5],
			"rotation": {"angle": 0, "axis": "y", "origin": [8, 20, 8]},
			"faces": {
				"north": {"uv": [4.5, 9, 6, 10.5], "texture": "#1"},
				"east": {"uv": [4.5, 10.5, 6, 12], "texture": "#1"},
				"south": {"uv": [6, 9, 7.5, 10.5], "texture": "#1"},
				"west": {"uv": [6, 10.5, 7.5, 12], "texture": "#1"},
				"up": {"uv": [9, 10.5, 7.5, 9], "texture": "#1"},
				"down": {"uv": [9, 10.5, 7.5, 12], "texture": "#1"}
			}
		},
		{
			"name": "b12",
			"from": [6.5, 23.725, 6.5],
			"to": [9.5, 26.725, 9.5],
			"rotation": {"angle": 0, "axis": "y", "origin": [8, 20, 8]},
			"faces": {
				"north": {"uv": [9, 9, 10.5, 10.5], "texture": "#1"},
				"east": {"uv": [9, 10.5, 10.5, 12], "texture": "#1"},
				"south": {"uv": [10.5, 9, 12, 10.5], "texture": "#1"},
				"west": {"uv": [10.5, 10.5, 12, 12], "texture": "#1"},
				"up": {"uv": [13.5, 10.5, 12, 9], "texture": "#1"},
				"down": {"uv": [13.5, 10.5, 12, 12], "texture": "#1"}
			}
		}
	],
	"display": {
		"thirdperson_righthand": {
			"translation": [0, -9.5, 0]
		},
		"thirdperson_lefthand": {
			"translation": [0, -9.5, 0]
		},
		"firstperson_righthand": {
			"rotation": [-4, 8, -2],
			"translation": [4.5, -8.25, 0]
		},
		"firstperson_lefthand": {
			"rotation": [-4, 8, -2],
			"translation": [4.5, -8.25, 0]
		},
		"ground": {
			"rotation": [-90, 0, 0],
			"translation": [0, 0, 5.75]
		},
		"gui": {
			"rotation": [6, -46, -49],
			"translation": [-3, -2.75, 0],
			"scale": [0.87, 0.87, 0.87]
		},
		"head": {
			"rotation": [1, 0, 0],
			"translation": [0, -31.5, 5.5],
			"scale": [4, 4, 4]
		},
		"fixed": {
			"rotation": [0, 0, 45],
			"translation": [3.75, -3, 0],
			"scale": [0.78, 0.78, 0.78]
		}
	},
	"groups": [
		{
			"name": "staff",
			"origin": [8, 8, 8],
			"color": 0,
			"nbt": "{}",
			"armAnimationEnabled": false,
			"children": [
				0,
				1,
				{
					"name": "group",
					"origin": [8, 8, 8],
					"color": 0,
					"nbt": "{}",
					"armAnimationEnabled": false,
					"children": [2, 3, 4, 5, 6, 7, 8, 9, 10, 11, 12, 13]
				}
			]
		}
	]
}