{
	"credit": "Made with Blockbench and TazerLinx",
	"textures": {
		"4": "hats/villagers/desert"
	},
	"elements": [
		{
			"from": [4, 3, 4],
			"to": [12, 7, 12],
			"faces": {
				"north": {"uv": [6, 2, 8, 3.25], "texture": "#4"},
				"east": {"uv": [4, 2, 6, 3.25], "texture": "#4"},
				"south": {"uv": [2, 2, 4, 3.25], "texture": "#4"},
				"west": {"uv": [0, 2, 2, 3.25], "texture": "#4"},
				"up": {"uv": [2, 0, 4, 2], "texture": "#4"},
				"down": {"uv": [2, 0, 4, 2], "texture": "#4"}
			}
		},
		{
			"from": [12.5, 1.4, 3.5],
			"to": [12.5, 7.9, 12.5],
			"faces": {
				"north": {"uv": [8, 2, 10, 3.5], "texture": "#4"},
				"east": {"uv": [8, 2, 10, 3.5], "texture": "#4"},
				"south": {"uv": [8, 2, 10, 3.5], "texture": "#4"},
				"west": {"uv": [8, 2, 10, 3.5], "texture": "#4"},
				"up": {"uv": [8, 2, 10, 3.5], "texture": "#4"},
				"down": {"uv": [8, 2, 10, 3.5], "texture": "#4"}
			}
		},
		{
			"from": [3.5, 1.4, 12.5],
			"to": [12.5, 7.9, 12.5],
			"faces": {
				"north": {"uv": [14, 2, 16, 3.5], "texture": "#4"},
				"east": {"uv": [14, 2, 16, 3.5], "texture": "#4"},
				"south": {"uv": [14, 2, 16, 3.5], "texture": "#4"},
				"west": {"uv": [14, 2, 16, 3.5], "texture": "#4"},
				"up": {"uv": [14, 2, 16, 3.5], "texture": "#4"},
				"down": {"uv": [14, 2, 16, 3.5], "texture": "#4"}
			}
		},
		{
			"from": [3.5, 1.4, 3.5],
			"to": [12.5, 7.9, 3.5],
			"faces": {
				"north": {"uv": [10, 2, 12, 3.5], "texture": "#4"},
				"east": {"uv": [10, 2, 12, 3.5], "texture": "#4"},
				"south": {"uv": [10, 2, 12, 3.5], "texture": "#4"},
				"west": {"uv": [10, 2, 12, 3.5], "texture": "#4"},
				"up": {"uv": [10, 2, 12, 3.5], "texture": "#4"},
				"down": {"uv": [10, 2, 12, 3.5], "texture": "#4"}
			}
		},
		{
			"from": [3.5, 1.4, 3.5],
			"to": [3.5, 7.9, 12.5],
			"faces": {
				"north": {"uv": [12, 2, 14, 3.5], "texture": "#4"},
				"east": {"uv": [12, 2, 14, 3.5], "texture": "#4"},
				"south": {"uv": [12, 2, 14, 3.5], "texture": "#4"},
				"west": {"uv": [12, 2, 14, 3.5], "texture": "#4"},
				"up": {"uv": [12, 2, 14, 3.5], "texture": "#4"},
				"down": {"uv": [12, 2, 14, 3.5], "texture": "#4"}
			}
		}
	],
	"display": {
		"thirdperson_righthand": {
			"rotation": [-10, 128, 15],
			"translation": [0, 2.5, -1.5],
			"scale": [0.48, 0.49, 0.49]
		},
		"thirdperson_lefthand": {
			"rotation": [-10, 128, 15],
			"translation": [0, 2.5, -1.5],
			"scale": [0.48, 0.49, 0.49]
		},
		"firstperson_righthand": {
			"rotation": [-10, 128, 15],
			"translation": [1.5, 2.5, -1.5],
			"scale": [0.48, 0.49, 0.49]
		},
		"firstperson_lefthand": {
			"rotation": [-10, 128, 15],
			"translation": [1.5, 2.5, -1.5],
			"scale": [0.48, 0.49, 0.49]
		},
		"ground": {
			"scale": [0.47, 0.46, 0.45]
		},
		"gui": {
			"rotation": [45, -45, 0],
			"translation": [0, 3.25, 0],
			"scale": [1.12, 1.12, 1.12]
		},
		"head": {
			"rotation": [0, 180, 0],
			"translation": [0, 10, 0],
			"scale": [1.71, 1.71, 1.9]
		},
		"fixed": {
			"rotation": [-90, 0, 0],
			"translation": [0, 0, -7.75],
			"scale": [1.51, 1.51, 1.51]
		}
	}
}