{
	"credit": "Made with Blockbench and TazerLinx",
	"textures": {
		"4": "hats/villagers/farmer"
	},
	"elements": [
		{
			"from": [4, 2, 4],
			"to": [12, 6, 12],
			"faces": {
				"north": {"uv": [12, 2, 14, 3], "texture": "#4"},
				"east": {"uv": [14, 2, 16, 3], "texture": "#4"},
				"south": {"uv": [10, 2, 12, 3], "texture": "#4"},
				"west": {"uv": [8, 2, 10, 3], "texture": "#4"},
				"up": {"uv": [10, 0, 12, 2], "texture": "#4"},
				"down": {"uv": [0, 7, 4, 11], "texture": "#4"}
			}
		},
		{
			"from": [0, 2, 0],
			"to": [16, 2, 16],
			"rotation": {"angle": 0, "axis": "y", "origin": [8, 11, 8]},
			"faces": {
				"north": {"uv": [5, 6, 9, 10], "texture": "#4"},
				"east": {"uv": [0, 5, 4, 9], "texture": "#4"},
				"south": {"uv": [0, 5, 4, 9], "texture": "#4"},
				"west": {"uv": [1, 4, 5, 8], "texture": "#4"},
				"up": {"uv": [7.75, 12, 11.75, 16], "texture": "#4"},
				"down": {"uv": [7.75, 16, 11.75, 12], "texture": "#4"}
			}
		}
	],
	"display": {
		"thirdperson_righthand": {
			"rotation": [-10, 128, 15],
			"translation": [0, 2.5, -1.5],
			"scale": [0.48, 0.49, 0.49]
		},
		"thirdperson_lefthand": {
			"rotation": [-10, 128, 15],
			"translation": [0, 2.5, -1.5],
			"scale": [0.48, 0.49, 0.49]
		},
		"firstperson_righthand": {
			"rotation": [-10, 128, 15],
			"translation": [1.5, 2.5, -1.5],
			"scale": [0.48, 0.49, 0.49]
		},
		"firstperson_lefthand": {
			"rotation": [-10, 128, 15],
			"translation": [1.5, 2.5, -1.5],
			"scale": [0.48, 0.49, 0.49]
		},
		"ground": {
			"scale": [0.47, 0.46, 0.45]
		},
		"gui": {
			"rotation": [45, 133, 0],
			"translation": [0, 3.5, 0],
			"scale": [0.83, 0.83, 0.83]
		},
		"head": {
			"translation": [0, 12.25, 0],
			"scale": [1.85, 1.85, 1.85]
		},
		"fixed": {
			"rotation": [-90, 0, 0],
			"translation": [0, 0, -8.5]
		}
	}
}