{
	"credit": "Made with Blockbench",
	"textures": {
		"4": "hats/villagers/librarian"
	},
	"elements": [
		{
			"from": [4, 3, 4],
			"to": [12, 7, 12],
			"faces": {
				"north": {"uv": [14, 2, 16, 3.25], "texture": "#4"},
				"east": {"uv": [12, 2, 14, 3.25], "texture": "#4"},
				"south": {"uv": [10, 2, 12, 3.25], "texture": "#4"},
				"west": {"uv": [8, 2, 10, 3.25], "texture": "#4"},
				"up": {"uv": [10, 0, 12, 2], "texture": "#4"},
				"down": {"uv": [4, 4, 8, 8], "texture": "#4"}
			}
		},
		{
			"from": [4, 4.6, 4],
			"to": [12, 7, 12],
			"faces": {
				"north": {"uv": [9, 7, 11, 8.25], "texture": "#4"},
				"east": {"uv": [9, 7, 11, 8.25], "texture": "#4"},
				"south": {"uv": [9, 7, 11, 8.25], "texture": "#4"},
				"west": {"uv": [9, 7, 11, 8.25], "texture": "#4"},
				"up": {"uv": [9, 7, 11, 8.25], "texture": "#4"},
				"down": {"uv": [10, 0, 12, 2], "texture": "#4"}
			}
		}
	],
	"display": {
		"thirdperson_righthand": {
			"rotation": [-10, 128, 15],
			"translation": [0, 2.5, -1.5],
			"scale": [0.48, 0.49, 0.49]
		},
		"thirdperson_lefthand": {
			"rotation": [-10, 128, 15],
			"translation": [0, 2.5, -1.5],
			"scale": [0.48, 0.49, 0.49]
		},
		"firstperson_righthand": {
			"rotation": [-10, 128, 15],
			"translation": [1.5, 2.5, -1.5],
			"scale": [0.48, 0.49, 0.49]
		},
		"firstperson_lefthand": {
			"rotation": [-10, 128, 15],
			"translation": [1.5, 2.5, -1.5],
			"scale": [0.48, 0.49, 0.49]
		},
		"ground": {
			"scale": [0.47, 0.46, 0.45]
		},
		"gui": {
			"rotation": [45, -45, 0],
			"translation": [0, 2.5, 0],
			"scale": [1.12, 1.12, 1.12]
		},
		"head": {
			"rotation": [0, 180, 0],
			"translation": [0, 11.75, 0],
			"scale": [1.79, 1.79, 1.79]
		},
		"fixed": {
			"rotation": [-90, 0, 0],
			"translation": [0, 0, -6],
			"scale": [1.59, 1.59, 1.59]
		}
	}
}