{
	"credit": "Made with Blockbench",
	"textures": {
		"0": "item/set/trost",
		"particle": "item/set/trost"
	},
	"elements": [
		{
			"from": [7, 0, 9],
			"to": [8, 13, 10],
			"rotation": {"angle": 0, "axis": "y", "origin": [15, 8, 17]},
			"faces": {
				"north": {"uv": [3, 1, 4, 14], "texture": "#0"},
				"east": {"uv": [2, 1, 3, 14], "texture": "#0"},
				"south": {"uv": [1, 1, 2, 14], "texture": "#0"},
				"west": {"uv": [0, 1, 1, 14], "texture": "#0"},
				"up": {"uv": [1, 0, 2, 1], "texture": "#0"},
				"down": {"uv": [2, 0, 3, 1], "texture": "#0"}
			}
		},
		{
			"from": [7, 13, 9],
			"to": [10, 14, 10],
			"rotation": {"angle": 0, "axis": "y", "origin": [15, 21, 17]},
			"faces": {
				"north": {"uv": [7, 1, 4, 2], "texture": "#0"},
				"east": {"uv": [5, 0, 6, 1], "texture": "#0"},
				"south": {"uv": [4, 3, 7, 4], "texture": "#0"},
				"west": {"uv": [4, 0, 5, 1], "texture": "#0"},
				"up": {"uv": [4, 2, 7, 3], "texture": "#0"},
				"down": {"uv": [4, 4, 7, 5], "texture": "#0"}
			}
		},
		{
			"from": [9, 12, 9],
			"to": [10, 13, 10],
			"rotation": {"angle": 0, "axis": "y", "origin": [17, 20, 17]},
			"faces": {
				"north": {"uv": [9, 1, 10, 2], "texture": "#0"},
				"east": {"uv": [8, 1, 9, 2], "texture": "#0"},
				"south": {"uv": [7, 1, 8, 2], "texture": "#0"},
				"west": {"uv": [10, 1, 11, 2], "texture": "#0"},
				"up": {"uv": [8, 0, 9, 1], "texture": "#0"},
				"down": {"uv": [9, 0, 10, 1], "texture": "#0"}
			}
		}
	],
	"display": {
		"thirdperson_righthand": {
			"rotation": [70, -90, 0],
			"translation": [1.75, -3, -5.25]
		},
		"thirdperson_lefthand": {
			"rotation": [6, 5.5, -2.5],
			"translation": [-1, 0.5, 0]
		},
		"firstperson_righthand": {
			"rotation": [5, -90, 0],
			"translation": [1.75, -1.75, 0.25]
		},
		"firstperson_lefthand": {
			"rotation": [-13, 0, 0],
			"translation": [-0.25, 1.75, 1.25]
		},
		"ground": {
			"rotation": [-90, 0, -90],
			"translation": [1, -3.25, 0]
		},
		"gui": {
			"rotation": [27, -160, 35],
			"translation": [1, 0, 0],
			"scale": [1.15, 1.15, 1.15]
		},
		"head": {
			"rotation": [-90, 0, -90],
			"translation": [1.25, 4.75, 0.5],
			"scale": [1.66, 1.66, 1.66]
		},
		"fixed": {
			"rotation": [0, 0, -22],
			"translation": [0, 1.5, -2],
			"scale": [2, 2, 2]
		}
	}
}