{
	"credit": "Made with Blockbench",
	"texture_size": [64, 32],
	"textures": {
		"0": "item/set/zont2",
		"particle": "item/set/zont2"
	},
	"elements": [
		{
			"from": [7, 0, 9],
			"to": [10, 1, 10],
			"rotation": {"angle": 0, "axis": "z", "origin": [8.5, 10, 9.5]},
			"faces": {
				"north": {"uv": [16, 15.5, 15.25, 16], "texture": "#0"},
				"east": {"uv": [15.75, 15.5, 16, 16], "rotation": 180, "texture": "#0"},
				"south": {"uv": [15.25, 15.5, 16, 16], "texture": "#0"},
				"west": {"uv": [15.25, 15.5, 15.5, 16], "rotation": 180, "texture": "#0"},
				"up": {"uv": [15.25, 15, 16, 15.5], "rotation": 180, "texture": "#0"},
				"down": {"uv": [15.25, 15, 16, 15.5], "texture": "#0"}
			}
		},
		{
			"from": [7, 1, 9],
			"to": [8, 2, 10],
			"rotation": {"angle": 0, "axis": "z", "origin": [8.5, 10, 9.5]},
			"faces": {
				"north": {"uv": [15, 15.5, 15.25, 16], "rotation": 180, "texture": "#0"},
				"east": {"uv": [15, 15.5, 15.25, 16], "rotation": 180, "texture": "#0"},
				"south": {"uv": [15, 15.5, 15.25, 16], "rotation": 180, "texture": "#0"},
				"west": {"uv": [15, 15.5, 15.25, 16], "rotation": 180, "texture": "#0"},
				"up": {"uv": [15, 15.5, 15.25, 16], "rotation": 180, "texture": "#0"},
				"down": {"uv": [15, 15.5, 15.25, 16], "rotation": 180, "texture": "#0"}
			}
		},
		{
			"from": [9, 1, 9],
			"to": [10, 27, 10],
			"rotation": {"angle": 0, "axis": "z", "origin": [8.5, 10, 9.5]},
			"faces": {
				"north": {"uv": [15.75, 0, 16, 13], "texture": "#0"},
				"east": {"uv": [15.5, 0, 15.75, 13], "texture": "#0"},
				"south": {"uv": [15.75, 0, 16, 13], "texture": "#0"},
				"west": {"uv": [15.5, 0, 15.75, 13], "texture": "#0"},
				"up": {"uv": [15.75, 0, 16, 0.5], "rotation": 180, "texture": "#0"},
				"down": {"uv": [1, 0, 2, 1], "rotation": 180, "texture": "#0"}
			}
		},
		{
			"from": [-4, 26.5, 9.5],
			"to": [23, 26.5, 26.5],
			"rotation": {"angle": 22.5, "axis": "x", "origin": [7.5, 26.5, 9.5]},
			"faces": {
				"north": {"uv": [1, 1, 2, 14], "texture": "#0"},
				"east": {"uv": [0, 1, 1, 14], "texture": "#0"},
				"south": {"uv": [3, 1, 4, 14], "texture": "#0"},
				"west": {"uv": [2, 1, 3, 14], "texture": "#0"},
				"up": {"uv": [0, 0, 6.75, 8.5], "texture": "#0"},
				"down": {"uv": [6.75, 0, 0, 8.5], "rotation": 180, "texture": "#0"}
			}
		},
		{
			"from": [-4, 26.5, -7.5],
			"to": [23, 26.5, 9.5],
			"rotation": {"angle": -22.5, "axis": "x", "origin": [7.5, 26.5, 9.5]},
			"faces": {
				"north": {"uv": [3, 1, 4, 14], "rotation": 180, "texture": "#0"},
				"east": {"uv": [0, 1, 1, 14], "rotation": 180, "texture": "#0"},
				"south": {"uv": [1, 1, 2, 14], "rotation": 180, "texture": "#0"},
				"west": {"uv": [2, 1, 3, 14], "rotation": 180, "texture": "#0"},
				"up": {"uv": [0, 0, 6.75, 8.5], "rotation": 180, "texture": "#0"},
				"down": {"uv": [6.75, 0, 0, 8.5], "texture": "#0"}
			}
		},
		{
			"from": [-7.5, 26.5, -4],
			"to": [9.5, 26.5, 23],
			"rotation": {"angle": 22.5, "axis": "z", "origin": [9.5, 26.5, 11.5]},
			"faces": {
				"north": {"uv": [0, 1, 1, 14], "rotation": 180, "texture": "#0"},
				"east": {"uv": [1, 1, 2, 14], "rotation": 180, "texture": "#0"},
				"south": {"uv": [2, 1, 3, 14], "rotation": 180, "texture": "#0"},
				"west": {"uv": [3, 1, 4, 14], "rotation": 180, "texture": "#0"},
				"up": {"uv": [0, 0, 6.75, 8.5], "rotation": 90, "texture": "#0"},
				"down": {"uv": [6.75, 0, 0, 8.5], "rotation": 90, "texture": "#0"}
			}
		},
		{
			"from": [9.5, 26.5, -4],
			"to": [26.5, 26.5, 23],
			"rotation": {"angle": -22.5, "axis": "z", "origin": [9.5, 26.5, 11.5]},
			"faces": {
				"north": {"uv": [0, 1, 1, 14], "texture": "#0"},
				"east": {"uv": [3, 1, 4, 14], "texture": "#0"},
				"south": {"uv": [2, 1, 3, 14], "texture": "#0"},
				"west": {"uv": [1, 1, 2, 14], "texture": "#0"},
				"up": {"uv": [0, 0, 6.75, 8.5], "rotation": 270, "texture": "#0"},
				"down": {"uv": [6.75, 0, 0, 8.5], "rotation": 270, "texture": "#0"}
			}
		}
	],
	"display": {
		"thirdperson_righthand": {
			"rotation": [70, -2, 2],
			"translation": [-1.5, 2.5, 5.75]
		},
		"thirdperson_lefthand": {
			"rotation": [70, -178, -2],
			"translation": [-1.5, 0, 6.75]
		},
		"firstperson_righthand": {
			"rotation": [5, -90, 0],
			"translation": [1.75, 2.75, 0.5]
		},
		"firstperson_lefthand": {
			"rotation": [4, 90, 0],
			"translation": [-0.75, 2.75, 0.5]
		},
		"ground": {
			"rotation": [-55, 0, 0],
			"translation": [1, 1.5, 4.75]
		},
		"gui": {
			"rotation": [27, -160, 35],
			"translation": [-2.5, -4.25, 0],
			"scale": [0.53, 0.53, 0.53]
		},
		"head": {
			"rotation": [2.5, 1.5, -4],
			"translation": [5, -11.5, -7],
			"scale": [1.66, 1.66, 1.66]
		},
		"fixed": {
			"rotation": [-90, 0, 0],
			"translation": [-3, -2.75, -14],
			"scale": [2, 2, 2]
		}
	}
}