{
	"credit": "Made with Blockbench",
	"textures": {
		"0": "item/set/zont_trost2",
		"particle": "item/set/zont_trost2"
	},
	"elements": [
		{
			"from": [7, -1, 9],
			"to": [8, 13, 10],
			"rotation": {"angle": 0, "axis": "y", "origin": [15, 8, 17]},
			"faces": {
				"north": {"uv": [1, 0, 2, 14], "texture": "#0"},
				"east": {"uv": [0, 0, 1, 14], "texture": "#0"},
				"south": {"uv": [1, 0, 2, 14], "texture": "#0"},
				"west": {"uv": [0, 0, 1, 14], "texture": "#0"},
				"up": {"uv": [0, 0, 1, 1], "texture": "#0"},
				"down": {"uv": [1, 13, 2, 14], "texture": "#0"}
			}
		},
		{
			"from": [6.5, 0, 8.5],
			"to": [8.5, 11, 10.5],
			"rotation": {"angle": 0, "axis": "y", "origin": [15, 8, 17]},
			"faces": {
				"north": {"uv": [6, 2, 4, 13], "texture": "#0"},
				"east": {"uv": [4, 2, 6, 13], "texture": "#0"},
				"south": {"uv": [4, 2, 2, 13], "texture": "#0"},
				"west": {"uv": [2, 2, 4, 13], "texture": "#0"},
				"up": {"uv": [4, 13, 6, 15], "texture": "#0"},
				"down": {"uv": [2, 13, 4, 15], "rotation": 90, "texture": "#0"}
			}
		},
		{
			"from": [6, 0, 8],
			"to": [9, 11, 11],
			"rotation": {"angle": 0, "axis": "y", "origin": [15, 8, 17]},
			"faces": {
				"north": {"uv": [12, 2, 9, 13], "texture": "#0"},
				"east": {"uv": [9, 2, 12, 13], "texture": "#0"},
				"south": {"uv": [9, 2, 6, 13], "texture": "#0"},
				"west": {"uv": [6, 2, 9, 13], "texture": "#0"}
			}
		},
		{
			"from": [9, 0, 8],
			"to": [6, 11, 11],
			"rotation": {"angle": 0, "axis": "y", "origin": [15, 8, 17]},
			"faces": {
				"north": {"uv": [6, 2, 9, 13], "texture": "#0"},
				"east": {"uv": [6, 2, 9, 13], "texture": "#0"},
				"south": {"uv": [6, 2, 9, 13], "texture": "#0"},
				"west": {"uv": [6, 2, 9, 13], "texture": "#0"}
			}
		},
		{
			"from": [7, 13, 9],
			"to": [10, 14, 10],
			"rotation": {"angle": 0, "axis": "y", "origin": [15, 21, 17]},
			"faces": {
				"north": {"uv": [6, 1, 3, 2], "texture": "#0"},
				"east": {"uv": [3, 1, 4, 2], "texture": "#0"},
				"south": {"uv": [3, 1, 6, 2], "texture": "#0"},
				"west": {"uv": [5, 1, 6, 2], "texture": "#0"},
				"up": {"uv": [3, 0, 6, 1], "texture": "#0"},
				"down": {"uv": [3, 0, 6, 1], "texture": "#0"}
			}
		},
		{
			"from": [9, 12, 9],
			"to": [10, 13, 10],
			"rotation": {"angle": 0, "axis": "y", "origin": [17, 20, 17]},
			"faces": {
				"north": {"uv": [2, 1, 3, 2], "texture": "#0"},
				"east": {"uv": [2, 1, 3, 2], "texture": "#0"},
				"south": {"uv": [2, 1, 3, 2], "texture": "#0"},
				"west": {"uv": [2, 1, 3, 2], "texture": "#0"},
				"up": {"uv": [2, 1, 3, 2], "texture": "#0"},
				"down": {"uv": [2, 1, 3, 2], "texture": "#0"}
			}
		}
	],
	"display": {
		"thirdperson_righthand": {
			"rotation": [70, -90, 0],
			"translation": [1.5, -1.75, -4.5]
		},
		"thirdperson_lefthand": {
			"rotation": [6, 5.5, -2.5],
			"translation": [-0.5, 1.5, 0.75]
		},
		"firstperson_righthand": {
			"rotation": [5, -90, 0],
			"translation": [1.75, -1.75, 0.25]
		},
		"firstperson_lefthand": {
			"rotation": [-13, 0, 0],
			"translation": [-0.25, 1.75, 1.25]
		},
		"ground": {
			"rotation": [-90, 0, -90],
			"translation": [1, -3.25, 0]
		},
		"gui": {
			"rotation": [27, -160, 35],
			"translation": [1, 0.5, 0],
			"scale": [1.08, 1.08, 1.08]
		},
		"head": {
			"rotation": [-90, 0, -90],
			"translation": [1.25, 4.75, 0.5],
			"scale": [1.66, 1.66, 1.66]
		},
		"fixed": {
			"rotation": [0, 0, -22],
			"translation": [0, 2.25, -4.25],
			"scale": [2, 2, 2]
		}
	}
}