{
	"credit": "Made with Blockbench",
	"textures": {
		"4": "hats/villagers/armorer"
	},
	"elements": [
		{
			"from": [3, 0, 12],
			"to": [13, 6, 12],
			"faces": {
				"north": {"uv": [6, 5, 8, 6.25], "texture": "#4"},
				"east": {"uv": [12, 2, 14, 3.25], "texture": "#4"},
				"south": {"uv": [10, 2, 12, 3.25], "texture": "#4"},
				"west": {"uv": [8, 2, 10, 3.25], "texture": "#4"},
				"up": {"uv": [10, 0, 12, 2], "texture": "#4"},
				"down": {"uv": [4, 4, 8, 8], "texture": "#4"}
			}
		},
		{
			"from": [3, 0, 4],
			"to": [3, 6, 12],
			"faces": {
				"north": {"uv": [14, 2, 16, 3.25], "texture": "#4"},
				"east": {"uv": [12, 2, 14, 3.25], "texture": "#4"},
				"south": {"uv": [10, 2, 12, 3.25], "texture": "#4"},
				"west": {"uv": [8, 2, 10, 3.25], "texture": "#4"},
				"up": {"uv": [10, 0, 12, 2], "texture": "#4"},
				"down": {"uv": [4, 4, 8, 8], "texture": "#4"}
			}
		},
		{
			"from": [13, 0, 4],
			"to": [13, 6, 12],
			"faces": {
				"north": {"uv": [14, 2, 16, 3.25], "texture": "#4"},
				"east": {"uv": [12, 2, 14, 3.25], "texture": "#4"},
				"south": {"uv": [10, 2, 12, 3.25], "texture": "#4"},
				"west": {"uv": [8, 2, 10, 3.25], "texture": "#4"},
				"up": {"uv": [10, 0, 12, 2], "texture": "#4"},
				"down": {"uv": [4, 4, 8, 8], "texture": "#4"}
			}
		},
		{
			"from": [3, 0, 4],
			"to": [13, 6, 4],
			"faces": {
				"north": {"uv": [14, 2, 16, 3.25], "texture": "#4"},
				"east": {"uv": [12, 2, 14, 3.25], "texture": "#4"},
				"south": {"uv": [13.75, 2, 15.75, 3.25], "texture": "#4"},
				"west": {"uv": [8, 2, 10, 3.25], "texture": "#4"},
				"up": {"uv": [10, 0, 12, 2], "texture": "#4"},
				"down": {"uv": [4, 4, 8, 8], "texture": "#4"}
			}
		},
		{
			"from": [3, 6, 11],
			"to": [13, 6, 12],
			"faces": {
				"north": {"uv": [10, 1.75, 12, 2], "texture": "#4"},
				"east": {"uv": [12, 2, 14, 3.25], "texture": "#4"},
				"south": {"uv": [10, 2, 12, 3.25], "texture": "#4"},
				"west": {"uv": [8, 2, 10, 3.25], "texture": "#4"},
				"up": {"uv": [10, 1.75, 12, 2], "texture": "#4"},
				"down": {"uv": [8, 5.052, 10, 5.302], "texture": "#4"}
			}
		},
		{
			"from": [3, 0, 11.95],
			"to": [13, 6, 11.95],
			"faces": {
				"north": {"uv": [10, 2, 12, 3.25], "texture": "#4"},
				"east": {"uv": [12, 2, 14, 3.25], "texture": "#4"},
				"south": {"uv": [7, 5, 9, 6.25], "texture": "#4"},
				"west": {"uv": [8, 2, 10, 3.25], "texture": "#4"},
				"up": {"uv": [10, 0, 12, 2], "texture": "#4"},
				"down": {"uv": [4, 4, 8, 8], "texture": "#4"}
			}
		}
	],
	"display": {
		"thirdperson_righthand": {
			"rotation": [-10, 128, 15],
			"translation": [0, 2.5, -1.5],
			"scale": [0.48, 0.49, 0.49]
		},
		"thirdperson_lefthand": {
			"rotation": [-10, 128, 15],
			"translation": [0, 2.5, -1.5],
			"scale": [0.48, 0.49, 0.49]
		},
		"firstperson_righthand": {
			"rotation": [-10, 128, 15],
			"translation": [1.5, 2.5, -1.5],
			"scale": [0.48, 0.49, 0.49]
		},
		"firstperson_lefthand": {
			"rotation": [-10, 128, 15],
			"translation": [1.5, 2.5, -1.5],
			"scale": [0.48, 0.49, 0.49]
		},
		"ground": {
			"scale": [0.47, 0.46, 0.45]
		},
		"gui": {
			"rotation": [45, -45, 0],
			"translation": [0, 4, 0],
			"scale": [1.09, 1.09, 1.09]
		},
		"head": {
			"rotation": [0, 180, 0],
			"translation": [0, 13, 0],
			"scale": [1.48, 1.51, 1.9]
		},
		"fixed": {
			"rotation": [-90, 0, 0],
			"translation": [0, 0, -11.5],
			"scale": [1.79, 1.79, 1.79]
		}
	}
}