{
	"credit": "Made with Blockbench",
	"texture_size": [32, 32],
	"textures": {
		"0": "hats/top_hat",
		"particle": "hats/top_hat"
	},
	"elements": [
		{
			"from": [4, 1, 4],
			"to": [12, 8, 12],
			"faces": {
				"north": {"uv": [8, 11.5, 12, 16], "texture": "#0"},
				"east": {"uv": [12, 7.5, 16, 12], "texture": "#0"},
				"south": {"uv": [8, 11.5, 12, 16], "texture": "#0"},
				"west": {"uv": [12, 7.5, 16, 12], "texture": "#0"},
				"up": {"uv": [12, 12, 16, 16], "texture": "#0"},
				"down": {"uv": [8, 12, 12, 16], "texture": "#0", "cullface": "down"}
			}
		},
		{
			"from": [3, 0, 3],
			"to": [13, 1, 13],
			"faces": {
				"north": {"uv": [0, 11, 5, 11.5], "texture": "#0"},
				"east": {"uv": [0, 15.5, 5, 16], "texture": "#0"},
				"south": {"uv": [0, 15.5, 5, 16], "texture": "#0"},
				"west": {"uv": [0, 11, 5, 11.5], "texture": "#0"},
				"up": {"uv": [0, 11, 5, 16], "texture": "#0"},
				"down": {"uv": [0, 11, 5, 16], "texture": "#0"}
			}
		},
		{
			"name": "lower",
			"from": [3, 0, 2],
			"to": [13, 1, 3],
			"rotation": {"angle": 22.5, "axis": "x", "origin": [8, 0, 3]},
			"faces": {
				"north": {"uv": [5, 9, 0, 9.5], "texture": "#0"},
				"east": {"uv": [0.5, 0, 0, 0.5], "texture": "#0"},
				"south": {"uv": [5, 9.5, 0, 10], "texture": "#0"},
				"west": {"uv": [1, 0, 0.5, 0.5], "texture": "#0"},
				"up": {"uv": [0, 10.5, 5, 10], "texture": "#0"},
				"down": {"uv": [0, 11, 5, 10.5], "texture": "#0"}
			}
		},
		{
			"name": "upper",
			"from": [4, 0.25, 1],
			"to": [12, 1.25, 2],
			"rotation": {"angle": 45, "axis": "x", "origin": [8, 0.25, 2]},
			"faces": {
				"north": {"uv": [0, 8.5, 4, 9], "texture": "#0"},
				"east": {"uv": [2, 0, 2.5, 0.5], "texture": "#0"},
				"south": {"uv": [0, 8, 4, 8.5], "texture": "#0"},
				"west": {"uv": [1.5, 0, 2, 0.5], "texture": "#0"},
				"up": {"uv": [0, 7.5, 4, 8], "texture": "#0"},
				"down": {"uv": [0, 7, 4, 7.5], "texture": "#0"}
			}
		},
		{
			"name": "lower",
			"from": [2, 0, 3],
			"to": [3, 1, 13],
			"rotation": {"angle": 0, "axis": "y", "origin": [3, 0, 8]},
			"faces": {
				"north": {"uv": [1.5, 0, 1, 0.5], "texture": "#0"},
				"east": {"uv": [5, 9, 0, 9.5], "texture": "#0"},
				"south": {"uv": [3, 0, 2.5, 0.5], "texture": "#0"},
				"west": {"uv": [5, 8.5, 0, 9], "texture": "#0"},
				"up": {"uv": [0, 10.5, 5, 10], "rotation": 270, "texture": "#0"},
				"down": {"uv": [0, 11, 5, 10.5], "rotation": 90, "texture": "#0"}
			}
		},
		{
			"name": "upper",
			"from": [1, 0, 4],
			"to": [2, 1, 12],
			"rotation": {"angle": -22.5, "axis": "z", "origin": [2, 0, 8]},
			"faces": {
				"north": {"uv": [3.5, 0, 3, 0.5], "texture": "#0"},
				"east": {"uv": [4, 0, 0, 0.5], "texture": "#0"},
				"south": {"uv": [4, 0, 3.5, 0.5], "texture": "#0"},
				"west": {"uv": [4, 7, 0, 7.5], "texture": "#0"},
				"up": {"uv": [0, 7.5, 4, 7], "rotation": 270, "texture": "#0"},
				"down": {"uv": [0, 8, 4, 7.5], "rotation": 90, "texture": "#0"}
			}
		},
		{
			"name": "lower",
			"from": [3, 0, 13],
			"to": [13, 1, 14],
			"rotation": {"angle": -22.5, "axis": "x", "origin": [8, 0, 13]},
			"faces": {
				"north": {"uv": [0, 9.5, 5, 10], "texture": "#0"},
				"east": {"uv": [0, 0, 0.5, 0.5], "texture": "#0"},
				"south": {"uv": [0, 9, 5, 9.5], "texture": "#0"},
				"west": {"uv": [0.5, 0, 1, 0.5], "texture": "#0"},
				"up": {"uv": [0, 10, 5, 10.5], "texture": "#0"},
				"down": {"uv": [0, 10.5, 5, 11], "texture": "#0"}
			}
		},
		{
			"name": "upper",
			"from": [4, 0.25, 14],
			"to": [12, 1.25, 15],
			"rotation": {"angle": -45, "axis": "x", "origin": [8, 0.25, 14]},
			"faces": {
				"north": {"uv": [4, 8, 0, 8.5], "texture": "#0"},
				"east": {"uv": [2.5, 0, 2, 0.5], "texture": "#0"},
				"south": {"uv": [4, 8.5, 0, 9], "texture": "#0"},
				"west": {"uv": [2, 0, 1.5, 0.5], "texture": "#0"},
				"up": {"uv": [0, 8, 4, 7.5], "texture": "#0"},
				"down": {"uv": [0, 7.5, 4, 7], "texture": "#0"}
			}
		},
		{
			"name": "lower",
			"from": [13, 0, 3],
			"to": [14, 1, 13],
			"rotation": {"angle": 0, "axis": "y", "origin": [13, 0, 8]},
			"faces": {
				"north": {"uv": [1, 0, 1.5, 0.5], "texture": "#0"},
				"east": {"uv": [0, 8.5, 5, 9], "texture": "#0"},
				"south": {"uv": [2.5, 0, 3, 0.5], "texture": "#0"},
				"west": {"uv": [0, 9, 5, 9.5], "texture": "#0"},
				"up": {"uv": [0, 10, 5, 10.5], "rotation": 270, "texture": "#0"},
				"down": {"uv": [0, 10.5, 5, 11], "rotation": 90, "texture": "#0"}
			}
		},
		{
			"name": "upper",
			"from": [14, 0, 4],
			"to": [15, 1, 12],
			"rotation": {"angle": 22.5, "axis": "z", "origin": [14, 0, 8]},
			"faces": {
				"north": {"uv": [3, 0, 3.5, 0.5], "texture": "#0"},
				"east": {"uv": [0, 7, 4, 7.5], "texture": "#0"},
				"south": {"uv": [3.5, 0, 4, 0.5], "texture": "#0"},
				"west": {"uv": [0, 0, 4, 0.5], "texture": "#0"},
				"up": {"uv": [0, 7, 4, 7.5], "rotation": 270, "texture": "#0"},
				"down": {"uv": [0, 7.5, 4, 8], "rotation": 90, "texture": "#0"}
			}
		}
	],
	"display": {
		"thirdperson_righthand": {
			"rotation": [11.5, 0, 0],
			"translation": [0.25, 4.5, -3],
			"scale": [0.78, 0.78, 0.78]
		},
		"thirdperson_lefthand": {
			"rotation": [11.5, 0, 0],
			"translation": [0.25, 4.5, -3],
			"scale": [0.78, 0.78, 0.78]
		},
		"firstperson_righthand": {
			"translation": [-0.25, 5.5, 5],
			"scale": [0.57, 0.57, 0.57]
		},
		"firstperson_lefthand": {
			"translation": [-0.25, 5.5, 5],
			"scale": [0.57, 0.57, 0.57]
		},
		"ground": {
			"translation": [0, 3, 0],
			"scale": [0.9, 0.9, 0.9]
		},
		"gui": {
			"rotation": [20.75, -9.75, 0],
			"translation": [0, 2.75, 0],
			"scale": [1.19, 1.19, 1.19]
		},
		"head": {
			"rotation": [6.75, 0, 1.25],
			"translation": [-0.5, 16.5, 1.5],
			"scale": [1.75, 1.75, 1.75]
		},
		"fixed": {
			"rotation": [-35, 5.75, 0],
			"translation": [0, 0, -14.5],
			"scale": [1.55, 1.55, 1.55]
		}
	},
	"groups": [0, 1,
		{
			"name": "group3",
			"origin": [8, 0, 3],
			"color": 0,
			"children": [2, 3]
		},
		{
			"name": "group",
			"origin": [3, 0, 8],
			"color": 0,
			"children": [4, 5]
		},
		{
			"name": "group3",
			"origin": [8, 0, 3],
			"color": 0,
			"children": [6, 7]
		},
		{
			"name": "group",
			"origin": [3, 0, 8],
			"color": 0,
			"children": [8, 9]
		}
	]
}