{
    "parent": "item/generated",
    "textures": {
        "layer0": "item/potion_overlay",
        "layer1": "item/potion"
    },
	"overrides": [
		{ "predicate": { "custom_model_data": 0 }, "model": "item/potion" },
		{ "predicate": { "custom_model_data": 1 }, "model": "item/hand/potions/absinth" },
		{ "predicate": { "custom_model_data": 2 }, "model": "item/hand/potions/adrenaline" },
		{ "predicate": { "custom_model_data": 3 }, "model": "item/hand/potions/ale" },
		{ "predicate": { "custom_model_data": 4 }, "model": "item/hand/potions/beer" },
		{ "predicate": { "custom_model_data": 5 }, "model": "item/hand/potions/bint" },
		{ "predicate": { "custom_model_data": 6 }, "model": "item/hand/potions/bomyarishto" },
		{ "predicate": { "custom_model_data": 7 }, "model": "item/hand/potions/bonk" },
		{ "predicate": { "custom_model_data": 8 }, "model": "item/hand/potions/coffee" },
		{ "predicate": { "custom_model_data": 9 }, "model": "item/hand/potions/coffee_2" },
		{ "predicate": { "custom_model_data": 10 }, "model": "item/hand/potions/crit_cola" },
		{ "predicate": { "custom_model_data": 11 }, "model": "item/hand/potions/dark_beer" },
		{ "predicate": { "custom_model_data": 12 }, "model": "item/hand/potions/dc_august" },
		{ "predicate": { "custom_model_data": 13 }, "model": "item/hand/potions/double_barrel" },
		{ "predicate": { "custom_model_data": 14 }, "model": "item/hand/potions/exp_obr" },
		{ "predicate": { "custom_model_data": 15 }, "model": "item/hand/potions/flame_blood" },
		{ "predicate": { "custom_model_data": 16 }, "model": "item/hand/potions/gin" },
		{ "predicate": { "custom_model_data": 17 }, "model": "item/hand/potions/heal_probirka" },
		{ "predicate": { "custom_model_data": 18 }, "model": "item/hand/potions/kola" },
		{ "predicate": { "custom_model_data": 19 }, "model": "item/hand/potions/konjak" },
		{ "predicate": { "custom_model_data": 20 }, "model": "item/hand/potions/lidskiy_sas" },
		{ "predicate": { "custom_model_data": 21 }, "model": "item/hand/potions/liqer" },
		{ "predicate": { "custom_model_data": 22 }, "model": "item/hand/potions/martini" },
		{ "predicate": { "custom_model_data": 23 }, "model": "item/hand/potions/molotov" },
		{ "predicate": { "custom_model_data": 24 }, "model": "item/hand/potions/quantum_kola" },
		{ "predicate": { "custom_model_data": 25 }, "model": "item/hand/potions/rom" },
		{ "predicate": { "custom_model_data": 26 }, "model": "item/hand/potions/rom_st" },
		{ "predicate": { "custom_model_data": 27 }, "model": "item/hand/potions/sake" },
		{ "predicate": { "custom_model_data": 28 }, "model": "item/hand/potions/samogon" },
		{ "predicate": { "custom_model_data": 29 }, "model": "item/hand/potions/shampan" },
		{ "predicate": { "custom_model_data": 30 }, "model": "item/hand/potions/spirt" },
		{ "predicate": { "custom_model_data": 31 }, "model": "item/hand/potions/spy_cloak" },
		{ "predicate": { "custom_model_data": 32 }, "model": "item/hand/potions/spy_cloak_back" },
		{ "predicate": { "custom_model_data": 33 }, "model": "item/hand/potions/tea" },
		{ "predicate": { "custom_model_data": 34 }, "model": "item/hand/potions/vodka" },
		{ "predicate": { "custom_model_data": 35 }, "model": "item/hand/potions/whiskey" },
		{ "predicate": { "custom_model_data": 36 }, "model": "item/hand/potions/wine" }
	]
}
