{
  "parent": "minecraft:item/generated",
  "textures": {
    "layer0": "minecraft:item/written_book"
  },
	"overrides": [
		{ "predicate": { "custom_model_data": 0 }, "model": "item/written_book" },
		{ "predicate": { "custom_model_data": 1 }, "model": "book/document" },
		{ "predicate": { "custom_model_data": 2 }, "model": "book/enchant_book" },
		{ "predicate": { "custom_model_data": 3 }, "model": "book/foliant" },
		{ "predicate": { "custom_model_data": 4 }, "model": "book/jurnal" },
		{ "predicate": { "custom_model_data": 5 }, "model": "book/kaper" },
		{ "predicate": { "custom_model_data": 6 }, "model": "book/manifest" },
		{ "predicate": { "custom_model_data": 7 }, "model": "book/old_book" },
		{ "predicate": { "custom_model_data": 8 }, "model": "book/papernews" },
		{ "predicate": { "custom_model_data": 9 }, "model": "book/passport" },
		{ "predicate": { "custom_model_data": 10 }, "model": "book/passport_off" },
		{ "predicate": { "custom_model_data": 11 }, "model": "book/passport_sp" },
		{ "predicate": { "custom_model_data": 12 }, "model": "book/passport_sp_off" },
		{ "predicate": { "custom_model_data": 13 }, "model": "book/passport_sssp" },
		{ "predicate": { "custom_model_data": 14 }, "model": "book/passport_sssp_off" },
		{ "predicate": { "custom_model_data": 15 }, "model": "book/plansh_der" },
		{ "predicate": { "custom_model_data": 16 }, "model": "book/plansh_der_old" },
		{ "predicate": { "custom_model_data": 17 }, "model": "book/svitok" }
	]
}