{
  "parent": "minecraft:item/handheld",
  "textures": {
    "layer0": "minecraft:item/blaze_rod"
  },
	"overrides": [
		{ "predicate": { "custom_model_data": 0 }, "model": "item/blaze_rod" },
		{ "predicate": { "custom_model_data": 1 }, "model": "item/hand/zont" },
		{ "predicate": { "custom_model_data": 2 }, "model": "item/hand/zont_trost" },
		{ "predicate": { "custom_model_data": 3 }, "model": "item/hand/zont_trost2" },
		{ "predicate": { "custom_model_data": 4 }, "model": "item/hand/zont_trost3" },
		{ "predicate": { "custom_model_data": 5 }, "model": "item/hand/zont2" },
		{ "predicate": { "custom_model_data": 6 }, "model": "item/hand/zont3" }
	]
}