{
	"parent": "item/handheld",
	"textures": {
		"layer0": "item/carved_pumpkin"
	},
	"overrides": [
		{ "predicate": { "custom_model_data": 0 }, "model": "block/carved_pumpkin" },
		{ "predicate": { "custom_model_data": 21 }, "model": "hats/new/hat_1" },
		{ "predicate": { "custom_model_data": 22 }, "model": "hats/new/hat_2" },
		{ "predicate": { "custom_model_data": 23 }, "model": "hats/new/hat_3" },
		{ "predicate": { "custom_model_data": 24 }, "model": "hats/new/hat_4" },
		{ "predicate": { "custom_model_data": 25 }, "model": "hats/new/beret" },
		{ "predicate": { "custom_model_data": 26 }, "model": "hats/new/nice_one" },
		{ "predicate": { "custom_model_data": 27 }, "model": "hats/new/top_hat" },
		{ "predicate": { "custom_model_data": 28 }, "model": "hats/new/flat_cap" },
		{ "predicate": { "custom_model_data": 29 }, "model": "hats/new/cavalier" },
		{ "predicate": { "custom_model_data": 30 }, "model": "hats/new1/mask" },
		{ "predicate": { "custom_model_data": 31 }, "model": "hats/new1/scarf" },
		{ "predicate": { "custom_model_data": 32 }, "model": "hats/new1/magician_hat" },
		{ "predicate": { "custom_model_data": 33 }, "model": "hats/new1/cowboy" },
		{ "predicate": { "custom_model_data": 34 }, "model": "hats/new2/archer_hat" },
		{ "predicate": { "custom_model_data": 35 }, "model": "hats/new2/armorer_hat" },
		{ "predicate": { "custom_model_data": 36 }, "model": "hats/new2/desert" },
		{ "predicate": { "custom_model_data": 37 }, "model": "hats/new2/farmer_hat" },
		{ "predicate": { "custom_model_data": 38 }, "model": "hats/new2/ficher_hat" },
		{ "predicate": { "custom_model_data": 39 }, "model": "hats/new2/lib_hat" },
		{ "predicate": { "custom_model_data": 40 }, "model": "hats/new2/savanna" },
		{ "predicate": { "custom_model_data": 41 }, "model": "hats/new2/shepherd_hat" },
		{ "predicate": { "custom_model_data": 42 }, "model": "hats/new2/snow" },
		{ "predicate": { "custom_model_data": 43 }, "model": "hats/new2/swamp" },
		{ "predicate": { "custom_model_data": 44 }, "model": "hats/new2/witch" },
		{ "predicate": { "custom_model_data": 45 }, "model": "hats/new1/beebee" },
		{ "predicate": { "custom_model_data": 46 }, "model": "hats/new2/sc" },
		{ "predicate": { "custom_model_data": 47 }, "model": "cats/black" },
		{ "predicate": { "custom_model_data": 48 }, "model": "cats/blue" },
		{ "predicate": { "custom_model_data": 49 }, "model": "cats/brown" },
		{ "predicate": { "custom_model_data": 50 }, "model": "cats/cyan" },
		{ "predicate": { "custom_model_data": 51 }, "model": "cats/gray" },
		{ "predicate": { "custom_model_data": 52 }, "model": "cats/green" },
		{ "predicate": { "custom_model_data": 53 }, "model": "cats/light_blue" },
		{ "predicate": { "custom_model_data": 54 }, "model": "cats/light_gray" },
		{ "predicate": { "custom_model_data": 55 }, "model": "cats/lime" },
		{ "predicate": { "custom_model_data": 56 }, "model": "cats/magneta" },
		{ "predicate": { "custom_model_data": 57 }, "model": "cats/orange" },
		{ "predicate": { "custom_model_data": 58 }, "model": "cats/pink" },
		{ "predicate": { "custom_model_data": 59 }, "model": "cats/purple" },
		{ "predicate": { "custom_model_data": 60 }, "model": "cats/red" },
		{ "predicate": { "custom_model_data": 61 }, "model": "cats/white" },
		{ "predicate": { "custom_model_data": 62 }, "model": "cats/yellow" },
		{ "predicate": { "custom_model_data": 63 }, "model": "bears/black" },
		{ "predicate": { "custom_model_data": 64 }, "model": "bears/blue" },
		{ "predicate": { "custom_model_data": 65 }, "model": "bears/brown" },
		{ "predicate": { "custom_model_data": 66 }, "model": "bears/cyan" },
		{ "predicate": { "custom_model_data": 67 }, "model": "bears/gray" },
		{ "predicate": { "custom_model_data": 68 }, "model": "bears/green" },
		{ "predicate": { "custom_model_data": 69 }, "model": "bears/light_blue" },
		{ "predicate": { "custom_model_data": 70 }, "model": "bears/light_gray" },
		{ "predicate": { "custom_model_data": 71 }, "model": "bears/lime" },
		{ "predicate": { "custom_model_data": 72 }, "model": "bears/magneta" },
		{ "predicate": { "custom_model_data": 73 }, "model": "bears/orange" },
		{ "predicate": { "custom_model_data": 74 }, "model": "bears/pink" },
		{ "predicate": { "custom_model_data": 75 }, "model": "bears/purple" },
		{ "predicate": { "custom_model_data": 76 }, "model": "bears/red" },
		{ "predicate": { "custom_model_data": 77 }, "model": "bears/white" },
		{ "predicate": { "custom_model_data": 78 }, "model": "bears/yellow" },
		{ "predicate": { "custom_model_data": 79 }, "model": "hats/gay" },
		{ "predicate": { "custom_model_data": 80 }, "model": "hats/mon" },
		{ "predicate": { "custom_model_data": 81 }, "model": "hats/resp" },
		{ "predicate": { "custom_model_data": 131 }, "model": "hats/new2/sc" }
	]
}
