{
  "parent": "minecraft:item/generated",
  "textures": {
    "layer0": "minecraft:item/flint_and_steel"
  },
	"overrides": [
		{ "predicate": { "custom_model_data": 0 }, "model": "item/flint_and_steel" },
		{ "predicate": { "custom_model_data": 1 }, "model": "item/hand/flint/lighter" },
		{ "predicate": { "custom_model_data": 2 }, "model": "item/hand/flint/lighter_gold" },
		{ "predicate": { "custom_model_data": 3 }, "model": "item/hand/flint/matches" },
		{ "predicate": { "custom_model_data": 4 }, "model": "item/hand/flint/matches_box" }
	]
}