{
	"credit": "Made with Blockbench",
	"texture_size": [32, 32],
	"textures": {
		"0": "item/set/books2",
		"particle": "item/set/books2"
	},
	"elements": [
		{
			"from": [7, 0, 2],
			"to": [9, 2, 14],
			"rotation": {"angle": 0, "axis": "y", "origin": [7.5, 0.5, 8]},
			"faces": {
				"east": {"uv": [14, 6, 15, 12], "rotation": 270, "texture": "#0"},
				"west": {"uv": [15, 0, 14, 6], "rotation": 90, "texture": "#0"},
				"up": {"uv": [15, 6, 16, 12], "rotation": 180, "texture": "#0"},
				"down": {"uv": [13, 6, 14, 12], "texture": "#0"}
			}
		},
		{
			"from": [7, 2, 2],
			"to": [9, 2.25, 9],
			"rotation": {"angle": 0, "axis": "y", "origin": [7.5, 0.5, 8]},
			"faces": {
				"up": {"uv": [15, 12, 16, 15.5], "rotation": 180, "texture": "#0"}
			}
		},
		{
			"from": [9.01, 0.01, 2.01],
			"to": [6.99, 1.99, 13.99],
			"rotation": {"angle": 0, "axis": "y", "origin": [7.5, 0.5, 8]},
			"faces": {
				"east": {"uv": [14, 0, 15, 6], "rotation": 270, "texture": "#0"},
				"west": {"uv": [15, 6, 14, 12], "rotation": 90, "texture": "#0"},
				"up": {"uv": [16, 6, 15, 12], "rotation": 180, "texture": "#0"},
				"down": {"uv": [14, 6, 13, 12], "texture": "#0"}
			}
		},
		{
			"from": [7, 0, 4],
			"to": [9, 2, 12],
			"rotation": {"angle": 0, "axis": "y", "origin": [7.5, 0.5, 8]},
			"faces": {
				"north": {"uv": [5, 5, 4, 6], "rotation": 180, "texture": "#0"},
				"south": {"uv": [4, 5, 5, 6], "rotation": 180, "texture": "#0"}
			}
		}
	],
	"display": {
		"thirdperson_righthand": {
			"rotation": [-90, 0, 90],
			"translation": [-7, -2, 0]
		},
		"thirdperson_lefthand": {
			"rotation": [-90, 0, 90],
			"translation": [-7, -2, 0]
		},
		"firstperson_righthand": {
			"rotation": [80, -180, -80],
			"translation": [-6.75, 2, 1.5]
		},
		"firstperson_lefthand": {
			"rotation": [80, -180, -80],
			"translation": [-6.75, 2, 1.5]
		},
		"ground": {
			"translation": [0, 5, 0]
		},
		"gui": {
			"rotation": [54, 164, 0],
			"translation": [0.25, 5.25, 0],
			"scale": [1.3, 1.3, 1.3]
		},
		"head": {
			"translation": [0, 19.5, 0],
			"scale": [1.66, 1.66, 1.66]
		},
		"fixed": {
			"rotation": [-90, 0, 0],
			"translation": [0, 0, -14],
			"scale": [2, 2, 2]
		}
	}
}