{
	"credit": "Made with Blockbench",
	"textures": {
		"0": "item/potions/spy_cloak_back",
		"particle": "item/potions/spy_cloak_back"
	},
	"elements": [
		{
			"from": [6, 2, 5.25],
			"to": [10, 6, 5.25],
			"rotation": {"angle": 0, "axis": "y", "origin": [13.5, 10, 13.5]},
			"faces": {
				"north": {"uv": [0, 10, 5, 15], "texture": "#0"},
				"east": {"uv": [0, 5, 5, 10], "texture": "#0"},
				"west": {"uv": [0, 5, 5, 10], "texture": "#0"},
				"up": {"uv": [13.5, 0, 16, 5], "texture": "#0"},
				"down": {"uv": [13.5, 5, 16, 10], "rotation": 180, "texture": "#0"}
			}
		},
		{
			"from": [6, 2, 5],
			"to": [10, 6, 6],
			"rotation": {"angle": 0, "axis": "y", "origin": [13.5, 10, 13.5]},
			"faces": {
				"north": {"uv": [0, 5, 4, 9], "texture": "#0"},
				"east": {"uv": [0, 5, 1, 9], "texture": "#0"},
				"south": {"uv": [8, 5, 4, 9], "texture": "#0"},
				"west": {"uv": [3, 5, 4, 9], "texture": "#0"},
				"up": {"uv": [0, 5, 4, 6], "rotation": 180, "texture": "#0"},
				"down": {"uv": [0, 8, 4, 9], "rotation": 180, "texture": "#0"}
			}
		},
		{
			"from": [6, 1, 6],
			"to": [10, 6, 10],
			"rotation": {"angle": 0, "axis": "y", "origin": [13.5, 10, 13.5]},
			"faces": {
				"north": {"uv": [8, 0, 4, 5], "texture": "#0"},
				"east": {"uv": [12, 0, 8, 5], "texture": "#0"},
				"south": {"uv": [16, 0, 12, 5], "texture": "#0"},
				"west": {"uv": [4, 0, 0, 5], "texture": "#0"},
				"up": {"uv": [12, 5, 16, 9], "rotation": 90, "texture": "#0"},
				"down": {"uv": [8, 5, 12, 9], "rotation": 270, "texture": "#0"}
			}
		}
	],
	"display": {
		"thirdperson_righthand": {
			"rotation": [90, -90, 0],
			"translation": [0, -2, 7],
			"scale": [1.02, 1.02, 1.02]
		},
		"thirdperson_lefthand": {
			"rotation": [90, -90, 0],
			"translation": [0, -2, 7],
			"scale": [1.02, 1.02, 1.02]
		},
		"firstperson_righthand": {
			"rotation": [145, 75, 2],
			"translation": [0, 0, 4],
			"scale": [0.95, 0.95, 0.95]
		},
		"firstperson_lefthand": {
			"rotation": [121, 47, -40],
			"translation": [1.5, 2.5, 5],
			"scale": [0.95, 0.95, 0.95]
		},
		"ground": {
			"rotation": [0, 0, 90],
			"translation": [-4, -1, 0.5],
			"scale": [0.95, 0.95, 0.95]
		},
		"gui": {
			"rotation": [-150, 45, 0],
			"translation": [0.75, -5, 0],
			"scale": [1.7, 1.7, 1.7]
		},
		"head": {
			"translation": [0, 17.5, 0],
			"scale": [1.9, 1.9, 1.9]
		},
		"fixed": {
			"rotation": [90, 20, 0],
			"translation": [0, 0, 4.25],
			"scale": [2, 2, 2]
		}
	}
}