{
	"credit": "Made with Blockbench",
	"ambientocclusion": false,
	"textures": {
		"0": "item/spyglass/lornet",
		"particle": "item/spyglass/lornet"
	},
	"elements": [
		{
			"from": [4, -1.5, 8],
			"to": [12, 6.5, 8],
			"rotation": {"angle": 0, "axis": "y", "origin": [13.25, 8.25, 7.75]},
			"faces": {
				"north": {"uv": [0, 0, 4, 4], "texture": "#0"},
				"east": {"uv": [3, 13, 6, 15], "rotation": 270, "texture": "#0"},
				"south": {"uv": [4, 0, 0, 4], "texture": "#0"},
				"west": {"uv": [3, 13, 6, 15], "rotation": 90, "texture": "#0"},
				"up": {"uv": [3, 13, 6, 15], "rotation": 180, "texture": "#0"},
				"down": {"uv": [3, 13, 6, 15], "texture": "#0"}
			}
		}
	],
	"display": {
		"thirdperson_righthand": {
			"rotation": [-22, 0, 0],
			"translation": [-4, 7.25, -2]
		},
		"thirdperson_lefthand": {
			"rotation": [-22, -180, 0],
			"translation": [-4, 7.25, -2]
		},
		"firstperson_righthand": {
			"rotation": [-16, 11, -2],
			"translation": [0.25, 8.25, -2.25],
			"scale": [1.5, 1.5, 1.5]
		},
		"firstperson_lefthand": {
			"rotation": [-16, -169, 2],
			"translation": [0.25, 8.25, -2.25],
			"scale": [1.5, 1.5, 1.5]
		},
		"ground": {
			"translation": [0, 6.5, 0]
		},
		"gui": {
			"rotation": [35, 135, 0],
			"translation": [0, 6.25, 0],
			"scale": [1.9, 1.9, 1.9]
		},
		"head": {
			"translation": [-2.5, 5.25, -7.5],
			"scale": [1.64, 1.64, 1.64]
		},
		"fixed": {
			"translation": [0, 11, 0],
			"scale": [2, 2, 2]
		}
	}
}