{
	"credit": "Made with Blockbench",
	"texture_size": [32, 32],
	"textures": {
		"0": "item/set/books2",
		"particle": "item/set/books2"
	},
	"elements": [
		{
			"from": [5, 0, 3],
			"to": [11, 2, 13],
			"rotation": {"angle": 0, "axis": "y", "origin": [7.5, 0.5, 8]},
			"faces": {
				"east": {"uv": [6.5, 0, 7.5, 5], "rotation": 270, "texture": "#0"},
				"up": {"uv": [7.5, 0, 10.5, 5], "rotation": 180, "texture": "#0"},
				"down": {"uv": [7.5, 0, 10.5, 5], "rotation": 180, "texture": "#0"}
			}
		},
		{
			"from": [11.01, 0.01, 3.01],
			"to": [4.99, 1.99, 12.99],
			"rotation": {"angle": 0, "axis": "y", "origin": [7.5, 0.5, 8]},
			"faces": {
				"west": {"uv": [6.5, 0, 7.5, 5], "rotation": 270, "texture": "#0"},
				"up": {"uv": [10.5, 0, 7.5, 5], "rotation": 180, "texture": "#0"},
				"down": {"uv": [10.5, 0, 7.5, 5], "rotation": 180, "texture": "#0"}
			}
		},
		{
			"from": [6, 0, 3.5],
			"to": [11, 2, 12.5],
			"rotation": {"angle": 0, "axis": "y", "origin": [7.5, 0.5, 8]},
			"faces": {
				"north": {"uv": [14, 1, 11.5, 0], "texture": "#0"},
				"south": {"uv": [11.5, 1, 14, 0], "texture": "#0"},
				"west": {"uv": [10.5, 0, 11.5, 4.5], "rotation": 90, "texture": "#0"}
			}
		}
	],
	"display": {
		"thirdperson_righthand": {
			"rotation": [-90, 4, 95],
			"translation": [-7.25, -0.75, -0.75]
		},
		"thirdperson_lefthand": {
			"rotation": [-90, 4, 95],
			"translation": [-7.25, -0.75, -0.75]
		},
		"firstperson_righthand": {
			"rotation": [66, -180, -80],
			"translation": [-6.75, 2, 1.5]
		},
		"firstperson_lefthand": {
			"rotation": [66, -180, -80],
			"translation": [-6.75, 2, 1.5]
		},
		"ground": {
			"translation": [0, 5, 0]
		},
		"gui": {
			"rotation": [54, 164, 0],
			"translation": [0.25, 4.25, 0],
			"scale": [1.1, 1.1, 1.1]
		},
		"head": {
			"translation": [0, 19.5, 0],
			"scale": [1.66, 1.66, 1.66]
		},
		"fixed": {
			"rotation": [-90, 0, 0],
			"translation": [0, 0, -14],
			"scale": [2, 2, 2]
		}
	}
}