{
	"credit": "Made with Blockbench",
	"texture_size": [32, 32],
	"textures": {
		"0": "item/set/books2",
		"particle": "item/set/books2"
	},
	"elements": [
		{
			"from": [4.5, 0, 3],
			"to": [11.5, 1, 13],
			"rotation": {"angle": 0, "axis": "y", "origin": [7.5, 0.5, 8]},
			"faces": {
				"north": {"uv": [0, 12, 3.5, 12.5], "texture": "#0"},
				"east": {"uv": [4, 7, 4.5, 12], "rotation": 270, "texture": "#0"},
				"south": {"uv": [0, 12, 3.5, 12.5], "rotation": 180, "texture": "#0"},
				"west": {"uv": [3.5, 7, 4, 12], "rotation": 90, "texture": "#0"},
				"up": {"uv": [0, 7, 3.5, 12], "rotation": 180, "texture": "#0"},
				"down": {"uv": [4.5, 7, 8, 12], "texture": "#0"}
			}
		}
	],
	"display": {
		"thirdperson_righthand": {
			"rotation": [-90, 4, 95],
			"translation": [-7.5, -0.75, -1.25]
		},
		"thirdperson_lefthand": {
			"rotation": [-90, 4, 95],
			"translation": [-7.5, -0.75, -1.25]
		},
		"firstperson_righthand": {
			"rotation": [66, -180, -80],
			"translation": [-6.75, 2, 1.5]
		},
		"firstperson_lefthand": {
			"rotation": [66, -180, -80],
			"translation": [-6.75, 2, 1.5]
		},
		"ground": {
			"translation": [0, 5, 0]
		},
		"gui": {
			"rotation": [54, 164, 0],
			"translation": [0, 5, 0],
			"scale": [1.1, 1.1, 1.1]
		},
		"head": {
			"translation": [0, 19.5, 0],
			"scale": [1.66, 1.66, 1.66]
		},
		"fixed": {
			"rotation": [-90, 0, 0],
			"translation": [0, 0, -14],
			"scale": [2, 2, 2]
		}
	}
}