{
	"credit": "Made with Blockbench",
	"texture_size": [32, 32],
	"textures": {
		"0": "item/set/books3",
		"1": "item/set/books2",
		"particle": "item/set/books3"
	},
	"elements": [
		{
			"from": [2, 0, 4],
			"to": [8, 1, 12],
			"rotation": {"angle": 0, "axis": "y", "origin": [7.5, 0.5, 8]},
			"faces": {
				"down": {"uv": [6.5, 12, 3.5, 16], "texture": "#1"}
			}
		},
		{
			"from": [8, 0, 4],
			"to": [14, 1, 12],
			"rotation": {"angle": 0, "axis": "y", "origin": [7.5, 0.5, 8]},
			"faces": {
				"down": {"uv": [7, 12, 10, 16], "texture": "#1"}
			}
		},
		{
			"from": [13.99, 0.01, 4.01],
			"to": [8.01, 0.99, 11.99],
			"rotation": {"angle": 0, "axis": "y", "origin": [7.5, 0.5, 8]},
			"faces": {
				"down": {"uv": [7, 12, 10, 16], "rotation": 180, "texture": "#1"}
			}
		},
		{
			"from": [8.01, 0.01, 4.01],
			"to": [2.03, 0.99, 11.99],
			"rotation": {"angle": 0, "axis": "y", "origin": [7.5, 0.5, 8]},
			"faces": {
				"down": {"uv": [6.5, 12, 3.5, 16], "rotation": 180, "texture": "#1"}
			}
		},
		{
			"from": [3, 0, 4.5],
			"to": [13, 0.5, 11.5],
			"rotation": {"angle": 0, "axis": "y", "origin": [7.5, 0.5, 8]},
			"faces": {
				"north": {"uv": [9, 12.5, 14, 12], "texture": "#0"},
				"east": {"uv": [14, 8.5, 14.5, 12], "rotation": 90, "texture": "#0"},
				"south": {"uv": [14, 12.5, 9, 12], "texture": "#0"},
				"west": {"uv": [14, 8.5, 14.5, 12], "rotation": 90, "texture": "#0"},
				"up": {"uv": [4, 12.5, 9, 16], "rotation": 180, "texture": "#0"}
			}
		}
	],
	"display": {
		"thirdperson_righthand": {
			"rotation": [-90, 4, 95],
			"translation": [-8, -0.75, -0.5]
		},
		"thirdperson_lefthand": {
			"rotation": [-10, 95, 0],
			"translation": [1.25, 7.75, -1]
		},
		"firstperson_righthand": {
			"rotation": [66, -180, -80],
			"translation": [-6.75, 2, 1.5]
		},
		"firstperson_lefthand": {
			"rotation": [5, 100, -75],
			"translation": [-1.5, 2.75, -6.25]
		},
		"ground": {
			"translation": [0, 5, 0]
		},
		"gui": {
			"rotation": [54, 164, 0],
			"translation": [0, 4.75, 0],
			"scale": [1.05, 1.05, 1.05]
		},
		"head": {
			"translation": [0, 19.5, 0],
			"scale": [1.66, 1.66, 1.66]
		},
		"fixed": {
			"rotation": [-90, 0, 0],
			"translation": [0, 0, -14],
			"scale": [2, 2, 2]
		}
	}
}