{
	"credit": "Made with Blockbench",
	"texture_size": [32, 32],
	"textures": {
		"0": "item/set/books1",
		"particle": "item/set/books1"
	},
	"elements": [
		{
			"from": [4, 0, 2],
			"to": [12, 1, 13],
			"rotation": {"angle": 0, "axis": "y", "origin": [7.5, 0.5, 8]},
			"faces": {
				"north": {"uv": [0, 6, 4, 5.5], "texture": "#0"},
				"east": {"uv": [4, 0, 4.5, 5.5], "rotation": 90, "texture": "#0"},
				"south": {"uv": [0, 5.5, 4, 6], "texture": "#0"},
				"west": {"uv": [4, 0, 4.5, 5.5], "rotation": 90, "texture": "#0"},
				"up": {"uv": [0, 0, 4, 5.5], "rotation": 180, "texture": "#0"},
				"down": {"uv": [8, 0, 12, 5.5], "texture": "#0"}
			}
		},
		{
			"from": [4.5, 1, 2],
			"to": [11.5, 1.25, 13],
			"rotation": {"angle": 0, "axis": "y", "origin": [7.5, 0.5, 8]},
			"faces": {
				"up": {"uv": [4.5, 0, 8, 5.5], "rotation": 180, "texture": "#0"}
			}
		}
	],
	"display": {
		"thirdperson_righthand": {
			"rotation": [-90, 4, 95],
			"translation": [-7.5, -0.75, -1.25]
		},
		"thirdperson_lefthand": {
			"rotation": [-90, 4, 95],
			"translation": [-7.5, -0.75, -1.25]
		},
		"firstperson_righthand": {
			"rotation": [20, -180, -12],
			"translation": [-0.75, 6.75, 0.75]
		},
		"firstperson_lefthand": {
			"rotation": [20, -180, -12],
			"translation": [-0.75, 6.75, 0.75]
		},
		"ground": {
			"translation": [0, 5, 0]
		},
		"gui": {
			"rotation": [54, 164, 0],
			"translation": [0, 5, 0],
			"scale": [1.1, 1.1, 1.1]
		},
		"head": {
			"translation": [0, 19.5, 0],
			"scale": [1.66, 1.66, 1.66]
		},
		"fixed": {
			"rotation": [-90, 0, 0],
			"translation": [0, 0, -14],
			"scale": [2, 2, 2]
		}
	}
}