{
	"credit": "Made with Blockbench",
	"textures": {
		"2": "hats/smoke",
		"particle": "hats/smoke",
		"0_0": "hats/cowboy",
		"0_1": "hats/cigar"
	},
	"elements": [
		{
			"from": [3.5, 7.5, 3.5],
			"to": [12.5, 12.5, 12.5],
			"faces": {
				"north": {"uv": [0, 4, 4, 6], "texture": "#0_0"},
				"east": {"uv": [4, 4, 0, 6], "texture": "#0_0"},
				"south": {"uv": [0, 4, 4, 6], "texture": "#0_0"},
				"west": {"uv": [4, 4, 0, 6], "texture": "#0_0"},
				"up": {"uv": [4, 4, 0, 0], "texture": "#0_0"},
				"down": {"uv": [4, 0, 0, 4], "texture": "#0_0"}
			}
		},
		{
			"from": [2, 5, 2],
			"to": [14, 5, 14],
			"faces": {
				"north": {"uv": [0, 0, 6, 0], "texture": "#0_0"},
				"east": {"uv": [0, 0, 6, 0], "texture": "#0_0"},
				"south": {"uv": [0, 0, 6, 0], "texture": "#0_0"},
				"west": {"uv": [0, 0, 6, 0], "texture": "#0_0"},
				"up": {"uv": [10, 10, 16, 16], "texture": "#0_0"},
				"down": {"uv": [10, 10, 16, 16], "texture": "#0_0"}
			}
		},
		{
			"from": [-6, 5, 2],
			"to": [-2, 5, 14],
			"rotation": {"angle": -45, "axis": "z", "origin": [0, 0, 0]},
			"faces": {
				"north": {"uv": [0, 0, 2, 0], "texture": "#0_0"},
				"east": {"uv": [0, 0, 6, 0], "texture": "#0_0"},
				"south": {"uv": [0, 0, 2, 0], "texture": "#0_0"},
				"west": {"uv": [0, 0, 6, 0], "texture": "#0_0"},
				"up": {"uv": [8, 10, 10, 16], "texture": "#0_0"},
				"down": {"uv": [8, 10, 10, 16], "texture": "#0_0"}
			}
		},
		{
			"from": [13.25, -6.25, 2],
			"to": [17.25, -6.25, 14],
			"rotation": {"angle": 45, "axis": "z", "origin": [0, 0, 0]},
			"faces": {
				"north": {"uv": [0, 0, 2, 0], "texture": "#0_0"},
				"east": {"uv": [0, 0, 6, 0], "texture": "#0_0"},
				"south": {"uv": [0, 0, 2, 0], "texture": "#0_0"},
				"west": {"uv": [0, 0, 6, 0], "texture": "#0_0"},
				"up": {"uv": [10, 16, 8, 10], "texture": "#0_0"},
				"down": {"uv": [10, 10, 8, 16], "texture": "#0_0"}
			}
		},
		{
			"from": [3, 5, 3],
			"to": [13, 8, 13],
			"faces": {
				"north": {"uv": [0, 15, 4.5, 16], "texture": "#0_0"},
				"east": {"uv": [4.5, 15, 0, 16], "texture": "#0_0"},
				"south": {"uv": [0, 15, 4.5, 16], "texture": "#0_0"},
				"west": {"uv": [4.5, 15, 0, 16], "texture": "#0_0"},
				"up": {"uv": [2, 15.25, 2.75, 16], "texture": "#0_0"},
				"down": {"uv": [1.5, 4.25, 2.25, 5], "texture": "#0_0"}
			}
		},
		{
			"from": [6.4, -1.6, -0.6],
			"to": [7.6, -0.4, 5.6],
			"rotation": {"angle": -22.5, "axis": "x", "origin": [0, 0, 0]},
			"faces": {
				"north": {"uv": [4, 0, 8, 4], "rotation": 180, "texture": "#0_1"},
				"east": {"uv": [0, 0, 4, 14], "rotation": 270, "texture": "#0_1"},
				"south": {"uv": [0, 0, 4, 4.19046], "texture": "#0_1"},
				"west": {"uv": [0, 0, 4, 14], "rotation": 90, "texture": "#0_1"},
				"up": {"uv": [4, 0, 0, 14], "rotation": 180, "texture": "#0_1"},
				"down": {"uv": [4, 0, 0, 14], "texture": "#0_1"}
			}
		},
		{
			"from": [2, -1, 0],
			"to": [12, 9, 0],
			"rotation": {"angle": -22.5, "axis": "x", "origin": [0, 0, 0]},
			"faces": {
				"north": {"uv": [0, 0, 16, 16], "texture": "#2"},
				"east": {"uv": [0, 0, 0, 16], "texture": "#2"},
				"south": {"uv": [16, 0, 0, 16], "texture": "#2"},
				"west": {"uv": [0, 0, 0, 16], "texture": "#2"},
				"up": {"uv": [0, 0, 16, 0], "texture": "#2"},
				"down": {"uv": [0, 0, 16, 0], "texture": "#2"}
			}
		},
		{
			"from": [2.75, 5.05, 2.5],
			"to": [5.75, 9.05, 4.5],
			"faces": {
				"north": {"uv": [4, 0, 5.5, 2], "texture": "#0_0"},
				"east": {"uv": [6.5, 0, 5.5, 2], "texture": "#0_0"},
				"south": {"uv": [4, 0, 5.5, 2], "texture": "#0_0"},
				"west": {"uv": [5.5, 0, 6.5, 2], "texture": "#0_0"},
				"up": {"uv": [4, 0, 5.5, 1], "texture": "#0_0"},
				"down": {"uv": [4, 0, 5.5, 1], "texture": "#0_0"}
			}
		},
		{
			"from": [6.25, 5.05, 2],
			"to": [10.25, 9.05, 4],
			"faces": {
				"north": {"uv": [7.5, 0, 9.5, 2], "texture": "#0_0"},
				"east": {"uv": [6.5, 0, 7.5, 2], "texture": "#0_0"},
				"south": {"uv": [7.5, 0, 9.5, 2], "texture": "#0_0"},
				"west": {"uv": [7.5, 0, 6.5, 2], "texture": "#0_0"},
				"up": {"uv": [9.5, 0, 11.5, 1], "texture": "#0_0"},
				"down": {"uv": [9.5, 1, 11.5, 2], "texture": "#0_0"}
			}
		},
		{
			"from": [10.75, 5.1, 2.75],
			"to": [13.75, 8.1, 4.75],
			"faces": {
				"north": {"uv": [4, 0.5, 5.5, 2], "texture": "#0_0"},
				"east": {"uv": [6.5, 0.5, 5.5, 2], "texture": "#0_0"},
				"south": {"uv": [5.5, 0.5, 4, 2], "texture": "#0_0"},
				"west": {"uv": [5.5, 0.5, 6.5, 2], "texture": "#0_0"},
				"up": {"uv": [5, 0, 6.5, 1], "texture": "#0_0"},
				"down": {"uv": [5, 0, 6.5, 1], "texture": "#0_0"}
			}
		},
		{
			"from": [3, -3, 5],
			"to": [13, 5, 5],
			"faces": {
				"north": {"uv": [4, 2, 9, 5.5], "texture": "#0_0"},
				"east": {"uv": [0, 0, 0, 8], "texture": "#0_0"},
				"south": {"uv": [4, 2, 9, 5.5], "texture": "#0_0"},
				"west": {"uv": [0, 0, 0, 8], "texture": "#0_0"},
				"up": {"uv": [0, 0, 10, 0], "texture": "#0_0"},
				"down": {"uv": [0, 0, 10, 0], "texture": "#0_0"}
			}
		}
	],
	"display": {
		"thirdperson_righthand": {
			"rotation": [-30, 0, 0],
			"translation": [0, 3, 0]
		},
		"thirdperson_lefthand": {
			"rotation": [-30, 0, 0],
			"translation": [0, 3, 0]
		},
		"firstperson_righthand": {
			"translation": [0.75, 2, 0]
		},
		"firstperson_lefthand": {
			"translation": [5.25, -0.75, 0]
		},
		"gui": {
			"rotation": [20, -170, 10],
			"translation": [0.5, 3, 0]
		},
		"head": {
			"translation": [0, 7.25, 0],
			"scale": [1.81, 1.81, 1.81]
		},
		"fixed": {
			"rotation": [-90, 0, 0],
			"translation": [0, 0, -7.25],
			"scale": [2, 2, 2]
		}
	}
}