{
	"credit": "Made with Blockbench",
	"texture_size": [32, 32],
	"textures": {
		"0": "hats/smoking_pipe",
		"1": "hats/smoke",
		"2": "hats/scarf",
		"particle": "hats/smoking_pipe"
	},
	"elements": [
		{
			"from": [6, 4, 1],
			"to": [10, 8, 5],
			"rotation": {"angle": 0, "axis": "y", "origin": [0, 4, 0]},
			"faces": {
				"north": {"uv": [4, 4, 0, 8], "texture": "#0"},
				"east": {"uv": [0, 4, 4, 8], "texture": "#0"},
				"south": {"uv": [4, 4, 0, 8], "texture": "#0"},
				"west": {"uv": [0, 4, 4, 8], "texture": "#0"},
				"up": {"uv": [0, 4, 4, 0], "texture": "#0"},
				"down": {"uv": [4, 8, 0, 12], "texture": "#0"}
			}
		},
		{
			"from": [8, 4, 5],
			"to": [8, 12, 13],
			"rotation": {"angle": 0, "axis": "y", "origin": [0, 4, 0]},
			"faces": {
				"north": {"uv": [0, 0, 0, 8], "texture": "#0"},
				"east": {"uv": [12, 0, 4, 8], "texture": "#0"},
				"south": {"uv": [0, 0, 0, 8], "texture": "#0"},
				"west": {"uv": [4, 0, 12, 8], "texture": "#0"},
				"up": {"uv": [0, 0, 0, 8], "texture": "#0"},
				"down": {"uv": [0, 0, 0, 8], "texture": "#0"}
			}
		},
		{
			"from": [7, 8, 1],
			"to": [7, 18, 11],
			"rotation": {"angle": 22.5, "axis": "y", "origin": [0, 4, 0]},
			"faces": {
				"north": {"uv": [0, 0, 0, 16], "texture": "#1"},
				"east": {"uv": [0, 0, 16, 16], "texture": "#1"},
				"south": {"uv": [0, 0, 0, 16], "texture": "#1"},
				"west": {"uv": [16, 0, 0, 16], "texture": "#1"},
				"up": {"uv": [0, 0, 0, 16], "texture": "#1"},
				"down": {"uv": [0, 0, 0, 16], "texture": "#1"}
			}
		},
		{
			"from": [0.5, 2, 13],
			"to": [14.5, 6, 25],
			"faces": {
				"north": {"uv": [0, 6, 7, 8], "texture": "#2"},
				"east": {"uv": [0.5, 6, 6.5, 8], "texture": "#2"},
				"south": {"uv": [0, 6, 7, 8], "texture": "#2"},
				"west": {"uv": [0.5, 6, 6.5, 8], "texture": "#2"},
				"up": {"uv": [7, 6, 0, 0], "texture": "#2"},
				"down": {"uv": [7, 0, 0, 6], "texture": "#2"}
			}
		},
		{
			"from": [3, 2.5, 10],
			"to": [7, 6.5, 14],
			"faces": {
				"north": {"uv": [7, 0, 9, 2], "texture": "#2"},
				"east": {"uv": [9, 0, 7, 2], "texture": "#2"},
				"south": {"uv": [7, 0, 9, 2], "texture": "#2"},
				"west": {"uv": [9, 0, 7, 2], "texture": "#2"},
				"up": {"uv": [9, 0, 11, 2], "texture": "#2"},
				"down": {"uv": [3, 3.5, 5, 5.5], "texture": "#2"}
			}
		},
		{
			"from": [1, -7, 10.5],
			"to": [5, 5, 13.5],
			"faces": {
				"north": {"uv": [10.5, 2, 8.5, 8], "texture": "#2"},
				"east": {"uv": [7, 2, 8.5, 8], "texture": "#2"},
				"south": {"uv": [8.5, 2, 10.5, 8], "texture": "#2"},
				"west": {"uv": [7, 2, 8.5, 8], "texture": "#2"},
				"up": {"uv": [7, 2, 9, 3.5], "texture": "#2"},
				"down": {"uv": [7, 2, 9, 3.5], "texture": "#2"}
			}
		},
		{
			"from": [6, -2, 10.5],
			"to": [9, 5, 13.5],
			"faces": {
				"north": {"uv": [7, 4.5, 8.5, 8], "texture": "#2"},
				"east": {"uv": [7, 4.5, 8.5, 8], "texture": "#2"},
				"south": {"uv": [7, 4.5, 8.5, 8], "texture": "#2"},
				"west": {"uv": [7, 4.5, 8.5, 8], "texture": "#2"},
				"up": {"uv": [7, 3.5, 8.5, 5], "texture": "#2"},
				"down": {"uv": [7, 3.5, 8.5, 5], "texture": "#2"}
			}
		}
	],
	"display": {
		"thirdperson_righthand": {
			"rotation": [12, -88, 0],
			"translation": [-4.5, 2.25, 2],
			"scale": [0.8, 0.8, 0.8]
		},
		"thirdperson_lefthand": {
			"rotation": [22, -90, 0],
			"translation": [-2.75, 4, 1],
			"scale": [0.8, 0.8, 0.8]
		},
		"firstperson_righthand": {
			"translation": [2.25, 0, 1.25]
		},
		"firstperson_lefthand": {
			"translation": [9, -0.25, 0.75]
		},
		"gui": {
			"rotation": [20, -140.5, 10],
			"translation": [7, 3, 0],
			"scale": [0.9, 0.9, 0.9]
		},
		"head": {
			"translation": [0, -4.5, -11]
		},
		"fixed": {
			"rotation": [-90, 0, 0],
			"translation": [0, -21.75, -11.25],
			"scale": [2, 2, 2]
		}
	}
}