{
	"credit": "Made with Blockbench and TazerLinx",
	"textures": {
		"4": "hats/villagers/fisherman"
	},
	"elements": [
		{
			"from": [0, 2.4, 0],
			"to": [16, 2.4, 16],
			"faces": {
				"north": {"uv": [0, 0, 16, 0], "texture": "#missing"},
				"east": {"uv": [0, 0, 16, 0], "texture": "#4"},
				"south": {"uv": [0, 0, 16, 0], "texture": "#missing"},
				"west": {"uv": [0, 0, 16, 0], "texture": "#missing"},
				"up": {"uv": [8, 12.25, 11.5, 15.75], "texture": "#4"},
				"down": {"uv": [7.75, 12, 11.75, 16], "texture": "#4"}
			}
		},
		{
			"from": [4, 0, 4],
			"to": [12, 6, 12],
			"faces": {
				"north": {"uv": [6, 2, 8, 3.25], "texture": "#4"},
				"east": {"uv": [4, 2, 6, 3.25], "texture": "#4"},
				"south": {"uv": [2, 2, 4, 3.25], "texture": "#4"},
				"west": {"uv": [0, 2, 2, 3.25], "texture": "#4"},
				"up": {"uv": [2, 0, 4, 2], "texture": "#4"},
				"down": {"uv": [4, 4, 8, 8], "texture": "#4"}
			}
		},
		{
			"from": [3.5, 2.4, 3.5],
			"to": [12.5, 7.9, 12.5],
			"faces": {
				"north": {"uv": [14, 1.75, 16, 3], "texture": "#4"},
				"east": {"uv": [12, 1.75, 14, 3], "texture": "#4"},
				"south": {"uv": [10, 1.75, 12, 3], "texture": "#4"},
				"west": {"uv": [8, 1.75, 10, 3], "texture": "#4"},
				"up": {"uv": [10, 0, 12, 2], "texture": "#4"},
				"down": {"uv": [4, 4, 8, 8], "texture": "#4"}
			}
		}
	],
	"display": {
		"thirdperson_righthand": {
			"rotation": [-10, 128, 15],
			"translation": [0, 2.5, -1.5],
			"scale": [0.48, 0.49, 0.49]
		},
		"thirdperson_lefthand": {
			"rotation": [-10, 128, 15],
			"translation": [0, 2.5, -1.5],
			"scale": [0.48, 0.49, 0.49]
		},
		"firstperson_righthand": {
			"rotation": [-10, 128, 15],
			"translation": [1.5, 2.5, -1.5],
			"scale": [0.48, 0.49, 0.49]
		},
		"firstperson_lefthand": {
			"rotation": [-10, 128, 15],
			"translation": [1.5, 2.5, -1.5],
			"scale": [0.48, 0.49, 0.49]
		},
		"ground": {
			"scale": [0.47, 0.46, 0.45]
		},
		"gui": {
			"rotation": [45, -45, 0],
			"translation": [0, 4, 0],
			"scale": [0.81, 0.81, 0.81]
		},
		"head": {
			"rotation": [0, 180, 0],
			"translation": [0, 13.5, 0],
			"scale": [1.71, 1.71, 1.71]
		},
		"fixed": {
			"rotation": [-90, 0, 0],
			"translation": [0, 0, -10.25],
			"scale": [1.62, 1.62, 1.62]
		}
	}
}