{
	"credit": "Made with Blockbench and TazerLinx",
	"textures": {
		"4": "hats/villagers/swamp"
	},
	"elements": [
		{
			"from": [4, 1.9, 12],
			"to": [12, 5.9, 12],
			"faces": {
				"north": {"uv": [10.316, 3.106, 12.316, 4.106], "texture": "#4"},
				"east": {"uv": [14, 2, 16, 3], "texture": "#4"},
				"south": {"uv": [10, 2, 12, 3], "texture": "#4"},
				"west": {"uv": [8, 2, 10, 3], "texture": "#4"},
				"up": {"uv": [10, 0, 12, 2], "texture": "#4"},
				"down": {"uv": [0, 7, 4, 11], "texture": "#4"}
			}
		},
		{
			"from": [4, 0.9, 4],
			"to": [4, 5.9, 12],
			"faces": {
				"north": {"uv": [12, 2, 14, 3], "texture": "#4"},
				"east": {"uv": [12, 2, 14, 3], "texture": "#4"},
				"south": {"uv": [10, 2, 12, 3], "texture": "#4"},
				"west": {"uv": [8, 2, 10, 3.25], "texture": "#4"},
				"up": {"uv": [10, 0, 12, 2], "texture": "#4"},
				"down": {"uv": [0, 7, 4, 11], "texture": "#4"}
			}
		},
		{
			"from": [12, 0.9, 4],
			"to": [12, 5.9, 12],
			"faces": {
				"north": {"uv": [12, 2, 14, 3.25], "texture": "#4"},
				"east": {"uv": [12, 2, 14, 3.25], "texture": "#4"},
				"south": {"uv": [12, 2, 14, 3.25], "texture": "#4"},
				"west": {"uv": [8, 2, 10, 3.25], "texture": "#4"},
				"up": {"uv": [12, 2, 14, 3.25], "texture": "#4"},
				"down": {"uv": [12, 2, 14, 3.25], "texture": "#4"}
			}
		},
		{
			"from": [4, 5.9, 4],
			"to": [12, 5.9, 12],
			"faces": {
				"north": {"uv": [10, 0, 12, 2], "texture": "#4"},
				"east": {"uv": [10, 0, 12, 2], "texture": "#4"},
				"south": {"uv": [10, 0, 12, 2], "texture": "#4"},
				"west": {"uv": [10, 0, 12, 2], "texture": "#4"},
				"up": {"uv": [10, 0, 12, 2], "texture": "#4"},
				"down": {"uv": [10, 0, 12, 2], "texture": "#4"}
			}
		},
		{
			"from": [4, -2, 4],
			"to": [12, 5.9, 4],
			"faces": {
				"north": {"uv": [14, 2, 16, 4], "texture": "#4"},
				"east": {"uv": [14, 2, 16, 4], "texture": "#4"},
				"south": {"uv": [14, 2, 16, 4], "texture": "#4"},
				"west": {"uv": [14, 2, 16, 4], "texture": "#4"},
				"up": {"uv": [14, 2, 16, 4], "texture": "#4"},
				"down": {"uv": [14, 2, 16, 4], "texture": "#4"}
			}
		}
	],
	"display": {
		"thirdperson_righthand": {
			"rotation": [-10, 128, 15],
			"translation": [0, 2.5, -1.5],
			"scale": [0.48, 0.49, 0.49]
		},
		"thirdperson_lefthand": {
			"rotation": [-10, 128, 15],
			"translation": [0, 2.5, -1.5],
			"scale": [0.48, 0.49, 0.49]
		},
		"firstperson_righthand": {
			"rotation": [-10, 128, 15],
			"translation": [1.5, 2.5, -1.5],
			"scale": [0.48, 0.49, 0.49]
		},
		"firstperson_lefthand": {
			"rotation": [-10, 128, 15],
			"translation": [1.5, 2.5, -1.5],
			"scale": [0.48, 0.49, 0.49]
		},
		"ground": {
			"scale": [0.47, 0.46, 0.45]
		},
		"gui": {
			"rotation": [45, 133, 0],
			"translation": [0, 3.5, 0],
			"scale": [0.83, 0.83, 0.83]
		},
		"head": {
			"rotation": [0, 180, 0],
			"translation": [0, 11.75, 0],
			"scale": [1.82, 1.82, 1.82]
		},
		"fixed": {
			"rotation": [-90, 0, 0],
			"translation": [0, 0, -11.75],
			"scale": [1.76, 1.76, 1.76]
		}
	}
}