{
	"credit": "Made with Blockbench",
	"ambientocclusion": false,
	"textures": {
		"0": "item/spyglass/binocle",
		"particle": "item/spyglass/binocle"
	},
	"elements": [
		{
			"from": [5, 0.5, 0],
			"to": [7, 2.5, 3],
			"rotation": {"angle": 0, "axis": "y", "origin": [12.5, 8, 8]},
			"faces": {
				"east": {"uv": [0, 0, 3, 2], "texture": "#0"},
				"south": {"uv": [0, 6, 2, 8], "texture": "#0"},
				"west": {"uv": [3, 0, 0, 2], "texture": "#0"},
				"up": {"uv": [0, 4, 3, 6], "rotation": 270, "texture": "#0"},
				"down": {"uv": [0, 2, 3, 4], "rotation": 90, "texture": "#0"}
			}
		},
		{
			"from": [9, 0.5, 0],
			"to": [11, 2.5, 3],
			"rotation": {"angle": 0, "axis": "y", "origin": [12.5, 8, 8]},
			"faces": {
				"east": {"uv": [0, 0, 3, 2], "texture": "#0"},
				"south": {"uv": [0, 6, 2, 8], "texture": "#0"},
				"west": {"uv": [3, 0, 0, 2], "texture": "#0"},
				"up": {"uv": [0, 4, 3, 6], "rotation": 270, "texture": "#0"},
				"down": {"uv": [0, 2, 3, 4], "rotation": 90, "texture": "#0"}
			}
		},
		{
			"from": [8.5, 0, -5],
			"to": [11.5, 3, 0],
			"rotation": {"angle": 0, "axis": "y", "origin": [12.5, 8, 8]},
			"faces": {
				"north": {"uv": [6, 9, 9, 12], "texture": "#0"},
				"east": {"uv": [3, 0, 8, 3], "texture": "#0"},
				"south": {"uv": [3, 9, 6, 12], "texture": "#0"},
				"west": {"uv": [8, 0, 3, 3], "texture": "#0"},
				"up": {"uv": [3, 3, 8, 6], "rotation": 270, "texture": "#0"},
				"down": {"uv": [3, 6, 8, 9], "rotation": 90, "texture": "#0"}
			}
		},
		{
			"from": [4.5, 0, -5],
			"to": [7.5, 3, 0],
			"rotation": {"angle": 0, "axis": "y", "origin": [12.5, 8, 8]},
			"faces": {
				"north": {"uv": [6, 9, 9, 12], "texture": "#0"},
				"east": {"uv": [3, 0, 8, 3], "texture": "#0"},
				"south": {"uv": [3, 9, 6, 12], "texture": "#0"},
				"west": {"uv": [8, 0, 3, 3], "texture": "#0"},
				"up": {"uv": [3, 3, 8, 6], "rotation": 270, "texture": "#0"},
				"down": {"uv": [3, 6, 8, 9], "rotation": 90, "texture": "#0"}
			}
		},
		{
			"from": [7, 0.5, 1],
			"to": [9, 2.5, 1],
			"rotation": {"angle": 0, "axis": "y", "origin": [13.25, 8.25, 7.75]},
			"faces": {
				"north": {"uv": [3, 13, 6, 16], "texture": "#0"},
				"east": {"uv": [3, 13, 6, 15], "rotation": 270, "texture": "#0"},
				"south": {"uv": [0, 8, 2, 10], "texture": "#0"},
				"west": {"uv": [3, 13, 6, 15], "rotation": 90, "texture": "#0"},
				"up": {"uv": [3, 13, 6, 15], "rotation": 180, "texture": "#0"},
				"down": {"uv": [3, 13, 6, 15], "texture": "#0"}
			}
		},
		{
			"from": [6.5, 2, -3],
			"to": [9.5, 4, -3],
			"rotation": {"angle": 0, "axis": "y", "origin": [12.75, 8.25, 7.75]},
			"faces": {
				"north": {"uv": [0, 12, 3, 14], "texture": "#0"},
				"east": {"uv": [10, 2, 8, 4], "texture": "#0"},
				"south": {"uv": [3, 12, 0, 14], "texture": "#0"},
				"west": {"uv": [8, 2, 10, 4], "texture": "#0"},
				"up": {"uv": [8, 4, 10, 6], "rotation": 90, "texture": "#0"},
				"down": {"uv": [3, 13, 6, 15], "texture": "#0"}
			}
		}
	],
	"display": {
		"thirdperson_righthand": {
			"rotation": [-87.5, 0, 0],
			"translation": [-2, 8.75, -5.5]
		},
		"thirdperson_lefthand": {
			"rotation": [-87.5, 0, 0],
			"translation": [-2, 8.75, -5.5]
		},
		"firstperson_righthand": {
			"rotation": [-0.5, 2, 1],
			"translation": [2, 9.5, 11.5],
			"scale": [1.5, 1.5, 1.5]
		},
		"firstperson_lefthand": {
			"rotation": [-0.5, 2, 1],
			"translation": [2, 9.5, 11.5],
			"scale": [1.5, 1.5, 1.5]
		},
		"ground": {
			"translation": [-0.5, 5, 9.75]
		},
		"gui": {
			"rotation": [35, 135, 0],
			"translation": [9, 12, 0],
			"scale": [1.35, 1.35, 1.35]
		},
		"head": {
			"translation": [-2.5, 10.5, 1.75],
			"scale": [1.62, 1.62, 1.62]
		},
		"fixed": {
			"rotation": [90, 0, 0],
			"translation": [0, -18, 12],
			"scale": [2, 2, 2]
		}
	}
}