{
    "sources": [
        {
            "type": "directory",
            "source": "bows",
            "prefix": "bows/"
        },
		{
            "type": "directory",
            "source": "hats",
            "prefix": "hats/"
        },
		{
            "type": "directory",
            "source": "bows",
            "prefix": "bows/"
        },
		{
            "type": "directory",
            "source": "guis",
            "prefix": "guis/"
        },
		{
            "type": "directory",
            "source": "candel",
            "prefix": "candel/"
        }
		
		
		
		
	]
}