{
	"credit": "Made with Blockbench",
	"texture_size": [32, 32],
	"textures": {
		"0_0": "hats/phocus"
	},
	"elements": [
		{
			"from": [4, 6.25, 4],
			"to": [12, 14.25, 12],
			"faces": {
				"north": {"uv": [4, 7, 0, 11], "texture": "#0_0"},
				"east": {"uv": [0, 7, 4, 11], "texture": "#0_0"},
				"south": {"uv": [4, 7, 0, 11], "texture": "#0_0"},
				"west": {"uv": [0, 7, 4, 11], "texture": "#0_0"},
				"up": {"uv": [4, 7, 8, 11], "texture": "#0_0"},
				"down": {"uv": [4, 7, 8, 11], "texture": "#0_0"}
			}
		},
		{
			"from": [0.75, 4, 0.75],
			"to": [15.25, 4, 15.25],
			"faces": {
				"north": {"uv": [0, 0, 7, 0], "texture": "#0_0"},
				"east": {"uv": [0, 0, 7, 0], "texture": "#0_0"},
				"south": {"uv": [0, 0, 7, 0], "texture": "#0_0"},
				"west": {"uv": [0, 0, 7, 0], "texture": "#0_0"},
				"up": {"uv": [7, 7, 0, 0], "texture": "#0_0"},
				"down": {"uv": [7, 0, 0, 7], "texture": "#0_0"}
			}
		},
		{
			"from": [3.8, 4.05, 3.8],
			"to": [12.2, 6.45, 12.2],
			"faces": {
				"north": {"uv": [0, 15, 4, 16], "texture": "#0_0"},
				"east": {"uv": [0, 15, 4, 16], "texture": "#0_0"},
				"south": {"uv": [0, 15, 4, 16], "texture": "#0_0"},
				"west": {"uv": [0, 15, 4, 16], "texture": "#0_0"},
				"up": {"uv": [2.5, 15.5, 3, 16], "texture": "#0_0"},
				"down": {"uv": [4, 7, 8, 11], "texture": "#0_0"}
			}
		},
		{
			"from": [5.7, 1.95, 3.7],
			"to": [14.3, 4.55, 12.3],
			"rotation": {"angle": 22.5, "axis": "z", "origin": [0, 0, 0]},
			"faces": {
				"north": {"uv": [0, 15, 4, 16], "texture": "#0_0"},
				"east": {"uv": [0, 15, 4, 16], "texture": "#0_0"},
				"south": {"uv": [0, 15, 4, 16], "texture": "#0_0"},
				"west": {"uv": [0, 15, 4, 16], "texture": "#0_0"},
				"up": {"uv": [2.5, 15.5, 3, 16], "texture": "#0_0"},
				"down": {"uv": [4, 7, 8, 11], "texture": "#0_0"}
			}
		},
		{
			"from": [12, -5, 1.5],
			"to": [14, -1, 3.5],
			"faces": {
				"north": {"uv": [4, 14, 5, 16], "texture": "#0_0"},
				"east": {"uv": [5, 14, 4, 16], "texture": "#0_0"},
				"south": {"uv": [4, 14, 5, 16], "texture": "#0_0"},
				"west": {"uv": [5, 14, 4, 16], "texture": "#0_0"},
				"up": {"uv": [4, 13, 5, 14], "texture": "#0_0"},
				"down": {"uv": [4, 15, 5, 16], "texture": "#0_0"}
			}
		},
		{
			"from": [12.5, -1, 2.5],
			"to": [14.5, 4, 2.5],
			"faces": {
				"north": {"uv": [5, 13.5, 6, 16], "texture": "#0_0"},
				"east": {"uv": [0, 0, 0, 2.5], "texture": "#0_0"},
				"south": {"uv": [6, 13.5, 5, 16], "texture": "#0_0"},
				"west": {"uv": [0, 0, 0, 2.5], "texture": "#0_0"},
				"up": {"uv": [0, 0, 1, 0], "texture": "#0_0"},
				"down": {"uv": [0, 0, 1, 0], "texture": "#0_0"}
			}
		}
	],
	"display": {
		"thirdperson_righthand": {
			"rotation": [-30, 0, 0],
			"translation": [0, 1.25, -1.75]
		},
		"thirdperson_lefthand": {
			"rotation": [-30, 0, 0],
			"translation": [0, 0.25, -1.5]
		},
		"firstperson_righthand": {
			"translation": [0.75, 2, 0]
		},
		"firstperson_lefthand": {
			"translation": [5.25, -0.75, 0]
		},
		"ground": {
			"translation": [0, 1.25, 0]
		},
		"gui": {
			"rotation": [20, -60, -10],
			"translation": [0.5, 0.75, 0]
		},
		"head": {
			"translation": [0, 10.5, 0],
			"scale": [1.81, 1.81, 1.81]
		},
		"fixed": {
			"rotation": [-90, 0, 0],
			"translation": [0, 0, -9],
			"scale": [2, 2, 2]
		}
	}
}