{
	"credit": "Made with Blockbench",
	"textures": {
		"0": "hats/mask",
		"particle": "hats/mask"
	},
	"elements": [
		{
			"from": [10.5, 22.5, 1],
			"to": [13.5, 30.5, 1.5],
			"faces": {
				"north": {"uv": [5.33333, 0, 7.33333, 8.5], "texture": "#0"},
				"east": {"uv": [5.33333, 0, 5.83333, 8], "texture": "#0"},
				"south": {"uv": [8.66667, 0, 10.66667, 8.5], "texture": "#0"},
				"west": {"uv": [10, 0, 10.5, 8], "texture": "#0"},
				"up": {"uv": [5.33333, 0, 7, 0.5], "texture": "#0"},
				"down": {"uv": [0, 0, 3, 0.5], "texture": "#missing"}
			}
		},
		{
			"from": [1.5, 22.5, 1],
			"to": [4.5, 30.5, 1.5],
			"faces": {
				"north": {"uv": [7.33333, 0, 5.33333, 8.5], "texture": "#0"},
				"east": {"uv": [5.33333, 0, 5.83333, 8], "texture": "#0"},
				"south": {"uv": [7.33333, 0, 5.33333, 8.5], "texture": "#0"},
				"west": {"uv": [10, 8, 10.5, 0], "texture": "#0"},
				"up": {"uv": [5.33333, 0, 7, 0.5], "texture": "#0"},
				"down": {"uv": [0, 0, 3, 0.5], "texture": "#missing"}
			}
		},
		{
			"from": [1.5, 10.5, 1],
			"to": [13.5, 22.5, 1.5],
			"faces": {
				"north": {"uv": [5.33333, 8.53333, 10.66667, 16], "texture": "#0"},
				"east": {"uv": [0, 0, 0.66667, 3], "texture": "#0"},
				"south": {"uv": [5.33333, 8.66667, 10.66667, 16], "texture": "#0"},
				"west": {"uv": [0, 0, 0.66667, 3], "texture": "#0"},
				"up": {"uv": [3.33333, 7.6, 5.33333, 8.1], "texture": "#0"},
				"down": {"uv": [12, 6.93333, 12.5, 9.1], "rotation": 90, "texture": "#0"}
			}
		},
		{
			"from": [1.5, 21.5, 1.5],
			"to": [2, 22.5, 11.5],
			"faces": {
				"east": {"uv": [0.66667, 7.5, 6, 8.5], "texture": "#0"},
				"south": {"uv": [10.66667, 8, 11.16667, 9], "texture": "#0"},
				"west": {"uv": [5.33333, 1.83333, 5.83333, 7.16667], "rotation": 90, "texture": "#0"},
				"up": {"uv": [10, 1.33333, 10.5, 6], "texture": "#0"},
				"down": {"uv": [10, 3.33333, 10.5, 8], "texture": "#0"}
			}
		},
		{
			"from": [13, 21.5, 1.5],
			"to": [13.5, 22.5, 11.5],
			"faces": {
				"east": {"uv": [0.66667, 7.5, 6, 8.5], "texture": "#0"},
				"south": {"uv": [10.66667, 8, 11.16667, 9], "texture": "#0"},
				"west": {"uv": [5.33333, 1.83333, 5.83333, 7.16667], "rotation": 90, "texture": "#0"},
				"up": {"uv": [10, 1.33333, 10.5, 6], "texture": "#0"},
				"down": {"uv": [10, 3.33333, 10.5, 8], "texture": "#0"}
			}
		}
	],
	"display": {
		"ground": {
			"scale": [0.35, 0.35, 0.35]
		},
		"gui": {
			"translation": [0, -9.75, 0]
		},
		"head": {
			"translation": [0.5, -10.5, 1],
			"scale": [1.15, 1.15, 1.15]
		}
	}
}