{
	"credit": "Made with Blockbench",
	"ambientocclusion": false,
	"textures": {
		"0": "item/spyglass/pirate_spyglass",
		"particle": "item/spyglass/pirate_spyglass"
	},
	"elements": [
		{
			"from": [7, 0.5, -2],
			"to": [9, 2.5, 6],
			"rotation": {"angle": 0, "axis": "y", "origin": [12.5, 8, 8]},
			"faces": {
				"east": {"uv": [2, 0, 0, 8], "rotation": 270, "texture": "#0"},
				"south": {"uv": [0, 8, 2, 10], "texture": "#0"},
				"west": {"uv": [0, 8, 2, 0], "rotation": 270, "texture": "#0"},
				"up": {"uv": [0, 0, 2, 8], "rotation": 180, "texture": "#0"},
				"down": {"uv": [0, 0, 2, 8], "texture": "#0"}
			}
		},
		{
			"from": [6.5, 0, -15],
			"to": [9.5, 3, -2],
			"rotation": {"angle": 0, "axis": "y", "origin": [12.5, 8, 8]},
			"faces": {
				"north": {"uv": [2, 13, 5, 16], "texture": "#0"},
				"east": {"uv": [5, 0, 2, 13], "rotation": 270, "texture": "#0"},
				"south": {"uv": [5, 13, 8, 16], "texture": "#0"},
				"west": {"uv": [2, 13, 5, 0], "rotation": 270, "texture": "#0"},
				"up": {"uv": [8, 0, 5, 13], "rotation": 180, "texture": "#0"},
				"down": {"uv": [8, 0, 5, 13], "texture": "#0"}
			}
		},
		{
			"from": [6, -0.5, -15.5],
			"to": [10, 3.5, -9.5],
			"rotation": {"angle": 0, "axis": "y", "origin": [12.5, 8, 8]},
			"faces": {
				"north": {"uv": [8, 6, 12, 10], "texture": "#0"},
				"east": {"uv": [12, 0, 8, 6], "rotation": 270, "texture": "#0"},
				"south": {"uv": [12, 10, 16, 6], "texture": "#0"},
				"west": {"uv": [12, 0, 16, 6], "rotation": 90, "texture": "#0"},
				"up": {"uv": [8, 0, 12, 6], "rotation": 180, "texture": "#0"},
				"down": {"uv": [16, 0, 12, 6], "texture": "#0"}
			}
		}
	],
	"display": {
		"thirdperson_righthand": {
			"rotation": [-87.5, 0, 0],
			"translation": [-2, 12.5, -3.75]
		},
		"thirdperson_lefthand": {
			"rotation": [-87.5, 0, 0],
			"translation": [-2, 12.5, -3.75]
		},
		"firstperson_righthand": {
			"rotation": [77, -180, 1],
			"translation": [1, 16.5, 3],
			"scale": [1.5, 1.5, 1.5]
		},
		"firstperson_lefthand": {
			"rotation": [77, -180, 1],
			"translation": [1, 16.5, 3],
			"scale": [1.5, 1.5, 1.5]
		},
		"ground": {
			"translation": [-0.5, 5, 13]
		},
		"gui": {
			"rotation": [35, 135, 0],
			"translation": [7.75, 8.5, 0],
			"scale": [0.8, 0.8, 0.8]
		},
		"head": {
			"translation": [0, 10.5, -3.25],
			"scale": [1.62, 1.62, 1.62]
		},
		"fixed": {
			"rotation": [90, 0, 0],
			"translation": [0, -26, 12],
			"scale": [2, 2, 2]
		}
	}
}