{
	"credit": "Made with Blockbench",
	"texture_size": [32, 32],
	"textures": {
		"0": "hats/beret"
	},
	"elements": [
		{
			"from": [0, 0, 0],
			"to": [16, 3, 16],
			"faces": {
				"north": {"uv": [8, 0, 16, 1.5], "texture": "#0"},
				"east": {"uv": [8, 1.5, 16, 3], "texture": "#0"},
				"south": {"uv": [8, 0, 16, 1.5], "texture": "#0"},
				"west": {"uv": [8, 1.5, 16, 3], "texture": "#0"},
				"up": {"uv": [0, 0, 8, 7.5], "texture": "#0"},
				"down": {"uv": [0, 0, 8, 7.5], "texture": "#0"}
			}
		},
		{
			"from": [7, 3, 7],
			"to": [9, 5, 9],
			"faces": {
				"north": {"uv": [13, 3, 14, 4], "texture": "#0"},
				"east": {"uv": [14, 3, 15, 4], "texture": "#0"},
				"south": {"uv": [13, 3, 14, 4], "texture": "#0"},
				"west": {"uv": [14, 3, 15, 4], "texture": "#0"},
				"up": {"uv": [15, 3, 16, 4], "texture": "#0"},
				"down": {"uv": [15, 3, 16, 4], "texture": "#0"}
			}
		}
	],
	"display": {
		"thirdperson_righthand": {
			"translation": [0, 1.5, -3],
			"scale": [0.58, 0.58, 0.58]
		},
		"thirdperson_lefthand": {
			"translation": [0, 1.5, -3],
			"scale": [0.58, 0.58, 0.58]
		},
		"firstperson_righthand": {
			"rotation": [24, 0, 0],
			"translation": [0, 6.5, 4.25],
			"scale": [0.55, 0.55, 0.55]
		},
		"firstperson_lefthand": {
			"rotation": [24, 0, 0],
			"translation": [0, 6.5, 4.25],
			"scale": [0.55, 0.55, 0.55]
		},
		"ground": {
			"translation": [0, 2, 0],
			"scale": [0.61, 0.61, 0.61]
		},
		"gui": {
			"rotation": [25.5, -35.25, 0],
			"translation": [-0.25, 0, 0],
			"scale": [0.84, 0.84, 0.84]
		},
		"head": {
			"rotation": [-2.5, 0, -9.5],
			"translation": [1.75, 13.25, -0.25]
		},
		"fixed": {
			"rotation": [-38.25, 0, 0],
			"translation": [0, -0.25, -16.25],
			"scale": [1.44, 1.44, 1.44]
		}
	}
}